Query_ID,Target_ID,Optimal_offset,p-value,E-value,q-value,Overlap,Query_consensus,Target_consensus,Orientation
7,MA0002.2,1.0,1.93392e-05,0.0162643,0.0325286,10.0,AACCACAGGC,AAACCACAGAC,-
7,MA1989.1,3.0,0.000402717,0.338685,0.338685,10.0,AACCACAGGC,AAAAACCACAAGAA,+
9,MA1729.1,5.0,0.000498724,0.419427,0.838854,10.0,AGAAGATTAA,GTCCAAGAAGAATGA,+
13,MA0056.2,1.0,0.000589752,0.495981,0.769063,10.0,AATGGGGCTT,AAGTGGGGATTTG,-
15,MA1984.1,0.0,0.000329504,0.277113,0.554225,10.0,TTATAAGCTC,TTAAGAGCTCAG,+
16,MA1957.1,3.0,9.91963e-05,0.0834241,0.161852,10.0,TGACCTCCGG,TAATGACTTCCGGT,-
16,MA1931.1,3.0,0.000507246,0.426594,0.190495,10.0,TGACCTCCGG,TAATTACTTCCGGT,-
19,MA1983.1,6.0,8.76002e-05,0.0736718,0.147344,10.0,ATTTGCAGCC,TCTGTTACTTGCAGCCAAAAG,+
20,MA1636.1,1.0,0.00029588,0.248835,0.163958,10.0,TGACTGCATC,ATGATTGCATCATTT,-
20,MA1127.1,1.0,0.000524724,0.441293,0.163958,10.0,TGACTGCATC,ATGACGTCATC,-
20,MA0833.2,0.0,0.000554005,0.465919,0.163958,10.0,TGACTGCATC,TTATTGCATCATTT,-
20,MA1140.2,2.0,0.000566673,0.476572,0.163958,10.0,TGACTGCATC,GATGACGTCATC,-
23,MA0803.1,-1.0,0.000386193,0.324789,0.160514,8.0,CTCAAACCTT,TCACACCT,-
23,MA0805.1,-1.0,0.000386193,0.324789,0.160514,8.0,CTCAAACCTT,TCACACCT,-
23,MA0801.1,-1.0,0.000495729,0.416908,0.160514,8.0,CTCAAACCTT,TCACACCT,-
23,MA0690.2,1.0,0.000524841,0.441391,0.160514,10.0,CTCAAACCTT,TTTCACACCTT,+
23,MA0806.1,-1.0,0.000552246,0.464439,0.160514,8.0,CTCAAACCTT,TCACACCT,-
24,MA0069.1,0.0,0.000151339,0.127276,0.254553,10.0,TTCACGGATG,TTCACGCATGAGTT,+
26,MA2002.1,0.0,0.000488924,0.411185,0.822371,10.0,ACTGGCTGAC,AGTGCCTGATC,-
33,MA0798.3,0.0,9.08237e-05,0.0763827,0.0419055,10.0,CCTTGCCATG,CGTTGCCATGGCAACG,-
33,MA0509.3,0.0,0.000114011,0.0958829,0.0419055,10.0,CCTTGCCATG,CGTTGCCATGGCAACG,+
33,MA0600.2,0.0,0.000149716,0.125911,0.0419055,10.0,CCTTGCCATG,CGTTGCCATGGCAACG,+
33,MA0510.2,0.0,0.000191937,0.161419,0.0460483,10.0,CCTTGCCATG,CGTTGCCATGGCAACG,+
35,MA0739.1,-1.0,0.000402953,0.338884,0.677767,9.0,AGTCCCAACC,ATGCCAACC,+
37,MA0028.2,0.0,0.000374403,0.314873,0.135714,10.0,ACCCGAACTG,ACCGGAAGTG,+
37,MA0763.1,0.0,0.000374403,0.314873,0.135714,10.0,ACCCGAACTG,ACCGGAAGTG,+
37,MA0764.3,0.0,0.000399086,0.335631,0.135714,10.0,ACCCGAACTG,ACCGGAAGTG,+
37,MA0760.1,0.0,0.000424661,0.35714,0.135714,10.0,ACCCGAACTG,ACCGGAAGTG,+
37,MA0475.2,0.0,0.000478533,0.402446,0.135714,10.0,ACCCGAACTG,ACCGGAAGTG,+
37,MA0759.2,0.0,0.00052256,0.439473,0.135714,10.0,ACCCGAACTG,ACCGGAAGTGG,+
37,MA0765.3,0.0,0.000566354,0.476304,0.135714,10.0,ACCCGAACTG,ACCGGAAGTG,+
38,MA1559.1,0.0,0.000528516,0.444482,0.820533,10.0,AACGGCTGCA,AACAGGTGCA,+
39,MA1654.1,10.0,0.00027595,0.232074,0.462704,10.0,ATGGCACCCT,AAAACCTTCCATGGCTCCCTATT,-
3,MA1114.1,2.0,0.000274315,0.230699,0.461397,10.0,GTGAGTGACG,GGGTGAGTGACAGGCGG,+
6,MA0063.2,1.0,0.000322265,0.271025,0.260759,10.0,CCACTCAGCA,ACCACTCAAAA,+
6,MA1645.1,3.0,0.000384592,0.323442,0.260759,10.0,CCACTCAGCA,TAACCACTCAAGAA,+
19,MA0793.1,-1.0,0.000591928,0.497812,0.995623,9.0,CAGCTCAATA,AGCTCATTAT,+
21,MA1538.1,3.0,0.000479261,0.403059,0.369526,10.0,ATCAACGACC,AAGGTCAATGACCTT,-
21,MA1147.1,3.0,0.00050191,0.422106,0.369526,10.0,ATCAACGACC,GGGGTCAATGACCTC,-
27,MA1123.2,3.0,0.000195232,0.16419,0.32838,10.0,CATCTAGAAT,AAACATCTGGAAT,-
31,MA0522.3,0.0,0.000276926,0.232895,0.184157,10.0,CACACATGCC,CGCACCTGCCC,+
31,MA0823.1,0.0,0.000331366,0.278679,0.184157,10.0,CACACATGCC,GACACGTGCC,+
31,MA1558.1,0.0,0.000403922,0.339698,0.184157,10.0,CACACATGCC,TGCACCTGCC,-
31,MA1648.1,0.0,0.000561167,0.471941,0.184157,10.0,CACACATGCC,CGCACCTGCCG,+
36,MA0647.1,0.0,0.000177965,0.149669,0.214334,10.0,TAGACCGGTT,AAAACCGGTTTT,-
36,MA1968.1,-1.0,0.000303179,0.254973,0.214334,9.0,TAGACCGGTT,AAACCGGTTT,+
4,MA0740.2,-1.0,0.000365574,0.307448,0.209226,9.0,ACCCGGCCCA,CCCCGCCCC,-
4,MA0493.2,-1.0,0.000501008,0.421348,0.209226,9.0,ACCCGGCCCA,CCCCGCCCC,-
4,MA1959.1,-1.0,0.000523721,0.44045,0.209226,9.0,ACCCGGCCCA,CCCCGCCCC,-
4,MA1515.1,1.0,0.000574314,0.482998,0.209226,10.0,ACCCGGCCCA,CACCACGCCCA,+
14,MA1123.2,3.0,0.000168737,0.141908,0.283547,10.0,CTTCTGGAAT,AAACATCTGGAAT,-
19,MA0808.1,-1.0,0.000188509,0.158536,0.274155,8.0,CACATTCCTT,ACATTCCA,+
19,MA1121.1,1.0,0.000325986,0.274155,0.274155,10.0,CACATTCCTT,TCACATTCCAGCC,+
19,MA0809.2,1.0,0.000494795,0.416123,0.277415,10.0,CACATTCCTT,CCACATTCCAGG,+
20,MA0772.1,0.0,0.000247893,0.208478,0.416956,10.0,ACCAAAGCGA,ACGAAAGCGAAAGT,+
21,MA1587.1,4.0,0.000365921,0.30774,0.615043,10.0,TACCTCCTGA,CCTCGACCTCCTGA,+
24,MA1953.1,0.0,5.94948e-05,0.0500351,0.0484133,10.0,TGCTTCCTGT,TACTTCCTGTTTAC,-
24,MA1954.1,0.0,0.000102572,0.0862627,0.0484133,10.0,TGCTTCCTGT,CACTTCCTGTTGAT,-
24,MA1950.1,0.0,0.000109822,0.0923599,0.0484133,10.0,TGCTTCCTGT,CACTTCCTGTTTAC,-
24,MA1942.1,0.0,0.000122326,0.102876,0.0484133,10.0,TGCTTCCTGT,CACTTCCTGTTTACG,-
24,MA1952.1,0.0,0.000151031,0.127017,0.0484133,10.0,TGCTTCCTGT,TACTTCCTGTTTAT,-
24,MA1955.1,0.0,0.000190163,0.159927,0.0484133,10.0,TGCTTCCTGT,CACTTCCTGTTTAC,-
24,MA1508.1,-1.0,0.00020586,0.173128,0.0484133,9.0,TGCTTCCTGT,ACTTCCTGTTTC,-
24,MA1940.1,4.0,0.000260757,0.219297,0.0488587,10.0,TGCTTCCTGT,TAATTACTTCCGGT,-
24,MA1944.1,4.0,0.000287964,0.242177,0.0488587,10.0,TGCTTCCTGT,TAATTACTTCCGGT,-
24,MA1934.1,6.0,0.000309047,0.259909,0.0488587,10.0,TGCTTCCTGT,ACCAGGTGTTTCCGGT,-
24,MA1949.1,5.0,0.00032647,0.274561,0.0488587,10.0,TGCTTCCTGT,ATAATTACTTCCGGT,-
24,MA1946.1,-1.0,0.000447453,0.376308,0.0576182,9.0,TGCTTCCTGT,ACTTCCTGTTTAC,-
24,MA1966.1,6.0,0.00050547,0.4251,0.0576182,10.0,TGCTTCCTGT,CCCACCTGCTTCCGGC,-
24,MA0765.3,0.0,0.00057318,0.482044,0.0576182,10.0,TGCTTCCTGT,CACTTCCGGT,-
24,MA0761.2,2.0,0.00057809,0.486174,0.0576182,10.0,TGCTTCCTGT,TTCACTTCCTGTTT,-
30,MA1120.1,0.0,9.02871e-05,0.0759315,0.0841429,10.0,TGCCGTTGTT,TGCCATTGTTT,-
30,MA0514.2,0.0,0.000100386,0.0844249,0.0841429,10.0,TGCCGTTGTT,TTCCATTGTTT,-
30,MA0087.2,0.0,0.000282506,0.237588,0.14766,10.0,TGCCGTTGTT,TCCCATTGTTCTC,-
30,MA0866.1,5.0,0.000415689,0.349594,0.14766,10.0,TGCCGTTGTT,AACACTACCATTGTT,-
30,MA0078.2,0.0,0.000440414,0.370388,0.14766,10.0,TGCCGTTGTT,TTCCATTGTTCTTT,-
36,MA0161.2,1.0,7.47593e-05,0.0628726,0.125745,10.0,CTGCCAAATA,TCTGCCAAGTA,-
4,MA1982.1,0.0,7.67681e-05,0.0645619,0.129124,10.0,GGGCCGCTCG,GGGCCGCTCTAGCCC,-
5,MA1713.1,4.0,6.00815e-05,0.0505286,0.101057,10.0,GAGCGGCCGG,GGGGGAGCGGCGGG,-
5,MA1982.1,6.0,0.000288263,0.242429,0.242429,9.0,GAGCGGCCGG,GGGCTAGAGCGGCCC,+
8,MA1559.1,-1.0,0.000583919,0.491076,0.549283,9.0,TTGCACCTTT,TGCACCTGTT,-
12,MA1621.1,3.0,0.00050478,0.42452,0.581855,10.0,ACACCTCTCT,CGAACACCTGTCCC,+
15,MA1600.1,1.0,0.000563624,0.474008,0.905749,10.0,CGCAGTCCAC,ATACAGTCCACCCCTTTA,+
19,MA0895.1,0.0,0.000153799,0.129345,0.253164,10.0,ACTAGTTATC,ACTAGTTAAC,+
20,MA1107.2,4.0,9.08842e-05,0.0764336,0.152867,10.0,CACAGCCACC,CAGCCACACCCACCCC,+
22,MA1936.1,1.0,0.00038399,0.322935,0.248585,10.0,CCTTTCTGTT,CACTTCCTGTTTAC,-
22,MA1623.1,0.0,0.000514232,0.432469,0.248585,10.0,CCTTTCTGTT,AGTTTCTGTTTCT,-
28,MA0025.2,2.0,0.000339118,0.285198,0.570396,10.0,TTCTGTAATA,TATTATGCAATAT,+
29,MA0069.1,0.0,0.000276274,0.232346,0.464693,10.0,TGCACGCTTG,TTCACGCATGAGTT,+
32,MA0777.1,4.0,8.41298e-05,0.0707531,0.141372,10.0,GTCTAACGGT,GACCGTTTAACGGTT,-
39,MA0499.2,1.0,0.000121664,0.102319,0.20442,10.0,AGCACCCGTC,CAGCACCTGTCCC,+
3,MA1982.1,4.0,0.000437031,0.367543,0.735086,10.0,AAGAGAGGCC,GGGCTAGAGCGGCCC,+
4,MA0065.2,3.0,0.000577368,0.485567,0.971133,10.0,GGGCAAAGCG,GTAGGGCAAAGGTCA,+
5,MA0163.1,2.0,2.40152e-05,0.0201968,0.0399932,10.0,CCCTTTGGCC,CCCCCTTGGGCCCC,-
5,MA0502.2,0.0,0.000109703,0.0922599,0.0913453,10.0,CCCTTTGGCC,CTCATTGGCCAG,+
13,MA1945.1,1.0,0.000526609,0.442878,0.469815,10.0,GCGAAAACAG,GGCGGAAGCAGGTGG,+
16,MA0860.1,2.0,0.000428242,0.360152,0.720304,10.0,ATCTTTCGTG,TGACCTTTCGTGACCTT,-
20,MA0101.1,0.0,4.09565e-05,0.0344444,0.0688889,10.0,GGAAAGCCCA,GGAAATCCCC,-
20,MA1601.2,3.0,0.000437547,0.367977,0.367977,9.0,GGAAAGCCCA,GTGGGAAAGCCT,+
23,MA0891.1,0.0,0.000309176,0.260017,0.296034,10.0,CTCAATCCCC,CCTAATCCGC,+
23,MA0714.1,0.0,0.00038093,0.320362,0.296034,9.0,CTCAATCCCC,CTTAATCCC,+
31,MA1983.1,5.0,4.18275e-05,0.0351769,0.0703539,10.0,GGCTGCAAGG,CTTTTGGCTGCAAGTAACAGA,-
39,MA1999.1,3.0,0.000502963,0.422992,0.620645,10.0,GCGGGAGAAC,GGAGATGGAGAACAG,-
2,MA1989.1,4.0,3.16487e-05,0.0266165,0.0532331,10.0,TGTGGTTTGT,TTCTTGTGGTTTTT,-
2,MA0002.2,3.0,0.000559973,0.470938,0.470938,8.0,TGTGGTTTGT,GTCTGTGGTTT,+
4,MA1474.1,2.0,0.000374292,0.314779,0.291821,10.0,CCACGGCGCC,TGCCACGTCACC,+
9,MA1713.1,0.0,0.000208056,0.174975,0.34995,10.0,GGCGGAGCGA,GGGGGAGCGGCGGG,-
12,MA0743.2,1.0,0.000144119,0.121204,0.242409,10.0,ATTCAATAGG,AATTCAACAGGTGGTT,+
13,MA0812.1,1.0,0.000486251,0.408938,0.593946,10.0,GCCCTAGGCA,AGCCTCAGGCA,+
17,MA0497.1,3.0,0.00054985,0.462424,0.924848,10.0,TATTTTTGTC,TTCTATTTTTAGCAT,-
21,MA1720.1,1.0,8.99933e-05,0.0756844,0.151369,10.0,TGCTGGAATC,CTGCTGTAATCTCTTT,-
30,MA0017.2,3.0,0.000140807,0.118419,0.233825,10.0,AGGTCAAGCG,CAAAGGTCAAGGG,+
30,MA0728.1,1.0,0.000362129,0.30455,0.256053,10.0,AGGTCAAGCG,GAGGTCAAAAGGTCA,+
32,MA1534.1,0.0,0.000248092,0.208646,0.417291,9.0,CAAGTTCATC,AAAGTTCAT,-
37,MA0074.1,1.0,0.000437969,0.368332,0.383817,10.0,GAACTCGAGG,TGAACTCGTTGACCC,-
37,MA1533.1,2.0,0.000456382,0.383817,0.383817,10.0,GAACTCGAGG,ATGAACTCGATGAACTC,+
6,MA0490.2,0.0,0.000243247,0.204571,0.232425,10.0,TAACGACTCA,AAATGACTCATTT,+
6,MA0491.2,0.0,0.000390998,0.328829,0.232425,10.0,TAACGACTCA,TGATGACTCATCC,+
6,MA1645.1,0.0,0.000420603,0.353727,0.232425,10.0,TAACGACTCA,TAACCACTCAAGAA,+
6,MA0477.2,0.0,0.000560725,0.471569,0.232425,10.0,TAACGACTCA,TGATGACTCATCC,+
11,MA1100.2,1.0,0.000479238,0.403039,0.503428,9.0,GCAGCTACCT,GGCAGCTGCC,+
12,MA1603.1,0.0,0.00012552,0.105562,0.211124,10.0,GATACAAGGT,GATACAAAGTATC,+
15,MA0694.1,-1.0,0.00021743,0.182859,0.220319,9.0,AGCGACCCCC,GCGACCACCGAA,+
15,MA0695.1,-1.0,0.000261972,0.220319,0.220319,9.0,AGCGACCCCC,GCGACCACCGAA,+
17,MA0142.1,2.0,0.000142265,0.119644,0.2319,10.0,TCGTTATGCA,CTTTGTTATGCAAAT,+
17,MA1962.1,3.0,0.000275744,0.2319,0.2319,10.0,TCGTTATGCA,CCATTGTTATGCAAATT,-
27,MA1497.1,0.0,1.71888e-05,0.0144558,0.0279383,10.0,CTTAATTGCC,GTTAATTACC,-
27,MA1501.1,0.0,6.53995e-05,0.055001,0.0486301,10.0,CTTAATTGCC,GTTAATTACC,-
27,MA1498.2,-1.0,0.000100762,0.084741,0.0486301,8.0,CTTAATTGCC,TTAATTGC,-
27,MA1500.1,-1.0,0.000123576,0.103927,0.0486301,8.0,CTTAATTGCC,TTAATTAC,+
27,MA0708.2,-1.0,0.000181963,0.153031,0.0486301,8.0,CTTAATTGCC,TTAATTGG,-
27,MA0914.1,-1.0,0.000181963,0.153031,0.0486301,8.0,CTTAATTGCC,TTAAGTGC,-
27,MA0666.2,-1.0,0.000209435,0.176134,0.0486301,8.0,CTTAATTGCC,TTAATTGG,-
27,MA0709.1,-1.0,0.000278979,0.234622,0.0566809,8.0,CTTAATTGCC,TTAATTGG,-
27,MA1519.1,-1.0,0.000393437,0.33088,0.0710538,8.0,CTTAATTGCC,TTAATTAC,-
27,MA0875.1,-1.0,0.000519164,0.436617,0.0843839,8.0,CTTAATTGCC,CTAATTGC,-
33,MA2002.1,0.0,0.000301482,0.253546,0.420104,10.0,GGTCAGGCGC,GATCAGGCACT,+
34,MA1966.1,4.0,0.000345996,0.290982,0.570564,10.0,GCTGCTTCCA,CCCACCTGCTTCCGGC,-
9,MA0888.1,0.0,0.000117871,0.0991294,0.0813112,10.0,CATAATTAGC,GGTAATTAGC,+
9,MA0725.1,-1.0,0.000124497,0.104702,0.0813112,8.0,CATAATTAGC,ATAATTAG,-
9,MA0887.1,0.0,0.000186495,0.156842,0.0813112,10.0,CATAATTAGC,GGTAATTAGC,+
9,MA0793.1,-1.0,0.000277773,0.233607,0.0813112,9.0,CATAATTAGC,ATAATGAGCT,-
9,MA0726.1,-1.0,0.000308288,0.25927,0.0813112,8.0,CATAATTAGC,CTAATTAG,-
9,MA0618.1,-1.0,0.000341103,0.286868,0.0813112,8.0,CATAATTAGC,TTAATTAG,+
9,MA0722.1,-1.0,0.0003601,0.302844,0.0813112,8.0,CATAATTAGC,GTAATTAG,-
9,MA0710.1,0.0,0.00053804,0.452492,0.0926521,10.0,CATAATTAGC,GCTAATTAGC,+
11,MA1937.1,4.0,0.000376321,0.316486,0.631992,10.0,GAAGCCATAA,ACCGGAAGTCGTAAAA,+
17,MA0154.4,5.0,0.000380351,0.319875,0.639751,10.0,CGAGGGGACA,AGTCCCCAGGGGACT,+
18,MA0744.2,0.0,0.000507806,0.427064,0.588232,10.0,GCAGCAACAG,AAAGCAACAGGTGGTT,+
20,MA0734.3,1.0,8.19071e-05,0.0688838,0.0851524,10.0,CTAGGTGGTC,CCTGGGTGGTCTC,-
20,MA1990.1,1.0,0.000101348,0.0852334,0.0851524,10.0,CTAGGTGGTC,CCTGGGTGGTCTCG,-
23,MA1976.1,12.0,0.000524626,0.44121,0.410189,10.0,GGGCCAGTGA,AGGGGGGCCCGGGGGCCTGTGCGAGTG,+
24,MA0712.2,1.0,0.00039246,0.330059,0.526669,10.0,TCTGATCCCA,TTCTAATCCCTT,-
28,MA1524.2,0.0,2.78793e-05,0.0234465,0.0468929,10.0,GGAGACAAAT,GGGGACAAATGGTGGC,+
29,MA1983.1,6.0,7.56551e-05,0.0636259,0.125603,10.0,GCTGCAATTA,CTTTTGGCTGCAAGTAACAGA,-
30,MA0007.3,4.0,0.00028878,0.242864,0.485728,10.0,ACACCGCGTA,GGGTACACCGTGTTCCC,-
31,MA0622.1,-2.0,2.4429e-05,0.0205448,0.0404435,8.0,ACACACGTGC,ACACGTGC,-
31,MA0819.2,0.0,8.36958e-05,0.0703882,0.0563818,10.0,ACACACGTGC,AAACACGTGC,+
31,MA0004.1,-3.0,0.000136224,0.114565,0.0563818,6.0,ACACACGTGC,CACGTG,+
31,MA0823.1,-1.0,0.000306314,0.25761,0.08452,9.0,ACACACGTGC,GACACGTGCC,+
31,MA1560.1,-1.0,0.000306314,0.25761,0.08452,9.0,ACACACGTGC,CGCACGTGCA,+
33,MA0768.2,-1.0,0.0002155,0.181235,0.202904,9.0,CAACATCAAA,AACATCAAAGGAAA,-
33,MA1991.1,0.0,0.000241265,0.202904,0.202904,10.0,CAACATCAAA,CAAGATCAAAGGCA,-
33,MA1421.1,0.0,0.000412769,0.347139,0.223272,10.0,CAACATCAAA,AAAGATCAAAGG,+
33,MA0523.1,0.0,0.000530967,0.446544,0.223272,10.0,CAACATCAAA,AAAGATCAAAGGAA,+
1,MA1484.1,0.0,0.000139897,0.117653,0.207143,10.0,GATTCCGGTT,ACTTCCGGTC,-
1,MA0762.1,1.0,0.000249846,0.210121,0.207143,10.0,GATTCCGGTT,TATTTCCGGTT,-
2,MA1155.1,0.0,9.81736e-05,0.082564,0.16507,10.0,TTTTCGGTGT,TTTTCAGTGTGTGCA,-
7,MA0029.1,1.0,0.000462116,0.388639,0.451356,10.0,GTAATCTTAT,TGTTATCTTATCTT,-
10,MA1111.1,-1.0,0.000559994,0.470955,0.616374,9.0,ATTTGCCCTT,TTTGACCTTTG,-
11,MA0733.1,6.0,0.000228057,0.191796,0.227376,10.0,CCACGCATTC,TTACGCCCACGCATTT,+
11,MA0732.1,6.0,0.000270364,0.227376,0.227376,9.0,CCACGCATTC,CTACGCCCACGCACT,+
14,MA0684.2,2.0,9.75536e-05,0.0820425,0.164085,10.0,ATCCTCAAAT,AAAACCTCAAAT,+
26,MA1588.1,1.0,0.000340577,0.286426,0.572851,10.0,TAGTCTTGGT,GAATTCTTGGTTGAC,+
31,MA0472.2,0.0,9.77287e-06,0.00821898,0.016438,10.0,TGTGTGGGCG,TGCGTGGGCGT,-
31,MA0732.1,2.0,3.19662e-05,0.0268836,0.025537,10.0,TGTGTGGGCG,AGTGCGTGGGCGTAG,-
31,MA0733.1,3.0,4.55476e-05,0.0383055,0.025537,10.0,TGTGTGGGCG,AAATGCGTGGGCGTAA,-
31,MA0162.4,1.0,0.000134388,0.11302,0.05651,10.0,TGTGTGGGCG,GGGCGTGGGCGTGG,-
2,MA0802.1,-1.0,0.0002455,0.206465,0.270403,9.0,CTTTCAGACC,TTTCACACCT,-
2,MA0690.2,-1.0,0.000426835,0.358969,0.270403,9.0,CTTTCAGACC,TTTCACACCTT,+
2,MA0688.1,-1.0,0.000527305,0.443463,0.270403,9.0,CTTTCAGACC,TTTCACACCTT,-
10,MA1627.1,1.0,0.000217224,0.182686,0.365371,10.0,GGTGGGGGAT,GTGTGGGGGAGGGG,-
21,MA0770.1,2.0,0.000356518,0.299831,0.298438,10.0,ATGATCTAGA,GAACGTTCTAGAA,-
21,MA0486.2,2.0,0.000391239,0.329032,0.298438,10.0,ATGATCTAGA,GAACGTTCTAGAA,-
26,MA1616.1,5.0,9.72135e-05,0.0817566,0.163065,10.0,ATGTTTTCCT,GCTCCAGGTTTTCCT,-
27,MA0019.1,1.0,0.000171654,0.144361,0.288722,10.0,GGATTGCCTC,GGGATTGCATCT,-
27,MA1583.1,0.0,0.000544443,0.457877,0.457877,10.0,GGATTGCCTC,GCATTGCCGCAGT,+
28,MA0472.2,1.0,0.00051864,0.436176,0.514278,10.0,GCATCGGCGT,TGCGTGGGCGT,-
32,MA0743.2,3.0,7.05985e-05,0.0593733,0.116848,10.0,TCGACAGGTG,AATTCAACAGGTGGTT,+
32,MA0745.2,0.0,0.000409992,0.344803,0.268174,10.0,TCGACAGGTG,ATGACAGGTGCAT,-
32,MA0744.2,3.0,0.000581856,0.489341,0.268174,10.0,TCGACAGGTG,AAAGCAACAGGTGGTT,+
34,MA1573.2,1.0,1.37493e-05,0.0115631,0.0231263,10.0,CTACAAGTCC,ACTACAATTCCCAG,+
37,MA0679.2,5.0,0.000288697,0.242794,0.426409,10.0,ATCAATAAAG,AAAAAATCAATAAATA,+
37,MA0757.1,5.0,0.000507508,0.426815,0.426409,9.0,ATCAATAAAG,AAAAAATCAATAAT,+
7,MA1648.1,1.0,9.81547e-05,0.0825481,0.0618021,10.0,GGCATGTGCG,CGGCAGGTGCG,-
7,MA0522.3,1.0,0.000108358,0.0911287,0.0618021,10.0,GGCATGTGCG,GGGCAGGTGCG,-
7,MA1976.1,13.0,0.000140032,0.117767,0.0618021,10.0,GGCATGTGCG,AGGGGGGCCCGGGGGCCTGTGCGAGTG,+
7,MA1558.1,0.0,0.000150381,0.126471,0.0618021,10.0,GGCATGTGCG,GGCAGGTGCA,+
7,MA0616.2,0.0,0.000288044,0.242245,0.0708436,10.0,GGCATGTGCG,GGCACGTGCC,+
7,MA1560.1,0.0,0.000374957,0.315339,0.0708436,10.0,GGCATGTGCG,TGCACGTGCG,-
7,MA0822.1,1.0,0.000430847,0.362342,0.0708436,10.0,GGCATGTGCG,TGGCACGTGCCA,+
7,MA0103.3,1.0,0.000489152,0.411377,0.0708436,10.0,GGCATGTGCG,GCGCAGGTGGG,-
7,MA0823.1,0.0,0.000502668,0.422744,0.0708436,10.0,GGCATGTGCG,GGCACGTGTC,-
7,MA0821.2,0.0,0.000560241,0.471162,0.0708436,10.0,GGCATGTGCG,GGCACGTGCC,+
10,MA0861.1,7.0,7.53643e-05,0.0633814,0.126763,10.0,CCAGACATGC,GACATGTCCAGACATGTC,-
11,MA1983.1,5.0,8.25273e-05,0.0694055,0.138811,10.0,GGCTGCATGT,CTTTTGGCTGCAAGTAACAGA,-
17,MA0803.1,0.0,0.00032612,0.274267,0.188222,8.0,TGGTGTGAGC,AGGTGTGA,+
17,MA0805.1,0.0,0.00032612,0.274267,0.188222,8.0,TGGTGTGAGC,AGGTGTGA,+
17,MA0801.1,0.0,0.000370129,0.311279,0.188222,8.0,TGGTGTGAGC,AGGTGTGA,+
17,MA0806.1,0.0,0.000462305,0.388798,0.188222,8.0,TGGTGTGAGC,AGGTGTGA,+
17,MA0807.1,0.0,0.000560386,0.471285,0.188222,8.0,TGGTGTGAGC,AGGTGTGA,+
22,MA0071.1,0.0,0.000145283,0.122183,0.244365,10.0,TGACTTTGTT,TGACCTTGAT,-
35,MA0163.1,2.0,4.74299e-05,0.0398886,0.0792586,10.0,CCCTTAGGCC,CCCCCTTGGGCCCC,-
35,MA0813.1,2.0,0.000375725,0.315985,0.313931,10.0,CCCTTAGGCC,TGCCCTGAGGGCA,+
35,MA0814.2,3.0,0.000586567,0.493303,0.326731,10.0,CCCTTAGGCC,CCCGCCTCAGGCCC,-
2,MA0065.2,1.0,0.000281089,0.236396,0.472793,10.0,TAGGGCAATG,GTAGGGCAAAGGTCA,+
12,MA0814.2,5.0,0.000507246,0.426594,0.853188,9.0,TGAGGCGAGC,GGGCCTGAGGCGGG,+
15,MA1636.1,1.0,0.000433253,0.364365,0.728731,10.0,TAAGATGCAA,AAATGATGCAATCAT,+
16,MA0033.2,0.0,0.000562776,0.473295,0.477865,7.0,TGTTTATCAT,TGTTTAC,-
17,MA1528.1,6.0,0.000356288,0.299639,0.427339,10.0,ACGTTGCCAG,GTTGGCACGGTGCCAGG,+
22,MA2002.1,1.0,0.000524724,0.441293,0.882587,10.0,GTTAGGCAGT,GATCAGGCACT,+
30,MA1542.1,0.0,1.70703e-05,0.0143561,0.0287123,10.0,TGCTACTGTA,TGCTACTGTT,+
6,MA0111.1,0.0,0.000286399,0.240862,0.481723,10.0,AAGGTATCAG,AGGGTAACAGC,+
8,MA0095.3,2.0,9.94822e-05,0.0836646,0.123129,10.0,CAAAATGGGG,AACAAAATGGCG,+
8,MA0657.1,0.0,0.000146408,0.123129,0.123129,10.0,CAAAATGGGG,CAAAAAGGGGCGTGGCAT,-
10,MA0037.4,2.0,0.000260062,0.218712,0.20141,10.0,ACTTATCTGT,TTTCTTATCTGT,+
10,MA0140.2,-1.0,0.000358228,0.30127,0.20141,9.0,ACTTATCTGT,CTTATCTGTGAGGAGCAG,+
10,MA1970.1,2.0,0.000359234,0.302115,0.20141,10.0,ACTTATCTGT,TATCTTATCTTT,+
10,MA0482.2,2.0,0.000537898,0.452373,0.226186,10.0,ACTTATCTGT,TTCCTTATCTTT,+
18,MA1522.1,1.0,0.000124808,0.104964,0.208397,10.0,AGGAGGGGCC,GGGGAGGGGCG,-
21,MA1516.1,1.0,0.000109034,0.0916976,0.183395,10.0,GGGCGCGCTC,TGGGCGTGGTC,-
22,MA0152.2,1.0,0.000351471,0.295587,0.591174,10.0,TGAAATGGAA,AAGCAATGGAAACTAT,+
25,MA0604.1,-2.0,3.24782e-05,0.0273142,0.0543153,8.0,GTATGACGTA,ATGACGTA,+
28,MA1115.1,0.0,0.000431431,0.362834,0.725412,10.0,TAGTGCAAAT,ATATGCAAATT,+
37,MA1980.1,2.0,9.05087e-05,0.0761178,0.152236,10.0,GAGGCTAAAT,AAGAGGCTAAAAGCA,+
39,MA0676.1,0.0,0.000218907,0.184101,0.368202,9.0,ACAAGTCAAT,AAAAGTCAA,+
1,MA1487.2,4.0,5.42841e-06,0.00456529,0.00900189,10.0,AATAAACAAA,CCTAAATAAACAAA,+
1,MA0614.1,-1.0,8.2875e-05,0.0696979,0.0325576,8.0,AATAAACAAA,GTAAACAA,+
1,MA1606.1,1.0,8.49283e-05,0.0714247,0.0325576,10.0,AATAAACAAA,ATGTAAACAAA,+
1,MA0040.1,0.0,9.66478e-05,0.0812808,0.0325576,10.0,AATAAACAAA,AATAAACAATA,-
1,MA0851.1,4.0,0.000100548,0.0845612,0.0325576,10.0,AATAAACAAA,AAAAAGTAAACAAACCC,+
1,MA0846.1,2.0,0.00012328,0.103679,0.0325576,10.0,AATAAACAAA,TAAGTAAACAAA,+
1,MA0593.1,1.0,0.000137432,0.115581,0.0325576,10.0,AATAAACAAA,AAGTAAACAAA,+
1,MA0041.2,6.0,0.000181135,0.152335,0.0368591,10.0,AATAAACAAA,AAAGTAAATAAACAAT,+
1,MA0613.1,-1.0,0.000200045,0.168237,0.0368591,8.0,AATAAACAAA,GTAAACAA,+
1,MA0157.3,1.0,0.000284504,0.239268,0.0471791,10.0,AATAAACAAA,ATGTAAACAAAA,+
1,MA1103.2,1.0,0.000374411,0.31488,0.0564439,10.0,AATAAACAAA,ATGTAAACAAG,+
1,MA0481.3,1.0,0.000446581,0.375575,0.0617135,10.0,AATAAACAAA,ATGTAAACATA,+
1,MA0047.3,1.0,0.000488725,0.411018,0.0619838,10.0,AATAAACAAA,ATGTAAACATA,+
1,MA1489.1,-1.0,0.000545611,0.458859,0.0619838,8.0,AATAAACAAA,GTAAACAA,+
1,MA0033.2,-1.0,0.000577978,0.48608,0.0619838,7.0,AATAAACAAA,GTAAACA,+
14,MA1584.1,0.0,0.000193085,0.162384,0.238112,10.0,AGGCCCCCCG,CGACCCCCCGCTGTGC,+
14,MA0751.1,-1.0,0.000399644,0.336101,0.238112,9.0,AGGCCCCCCG,GACCCCCCGCTGTGC,+
14,MA0696.1,-1.0,0.000425099,0.357508,0.238112,9.0,AGGCCCCCCG,GACCCCCCGCTGTG,+
15,MA0697.2,1.0,2.63117e-05,0.0221281,0.0442562,10.0,CCTCCTGCAG,GCCTCCTGCTGTG,-
15,MA1629.1,0.0,0.000463547,0.389843,0.389843,10.0,CCTCCTGCAG,CCCCCTGCTGTGAG,-
19,MA1540.2,6.0,8.39175e-05,0.0705746,0.0811925,10.0,TCAAGATCAG,ATGAGTTCAAGGTCAGC,+
19,MA0505.2,3.0,9.65428e-05,0.0811925,0.0811925,10.0,TCAAGATCAG,AGTTCAAGGTCAG,-
23,MA1976.1,12.0,0.000284696,0.239429,0.478858,10.0,GGGCCTGTGT,AGGGGGGCCCGGGGGCCTGTGCGAGTG,+
27,MA0793.1,1.0,0.000524939,0.441473,0.332178,9.0,TAATGAGCAA,ATAATGAGCT,-
29,MA1983.1,1.0,0.000514981,0.433099,0.866198,10.0,ATTTAGCTGC,CTTTTGGCTGCAAGTAACAGA,-
30,MA0003.4,1.0,8.82816e-05,0.0742448,0.14849,10.0,TTGCGTCAGG,ATTGCCTCAGGCCA,+
32,MA0819.2,1.0,0.000328579,0.276335,0.552671,9.0,CGCGTGTTTT,GCACGTGTTT,-
1,MA0163.1,0.0,0.000161753,0.136034,0.27181,10.0,CCCCCTAGGC,CCCCCTTGGGCCCC,-
32,MA0647.1,0.0,0.000527563,0.44368,0.774327,10.0,AACCCCGGTT,AAAACCGGTTTT,+
35,MA1717.1,0.0,3.4904e-05,0.0293542,0.057691,10.0,GTAACTACCG,GTACCTACCGC,+
3,MA1711.1,5.0,0.000308346,0.259319,0.518637,10.0,TCCCCACGGT,CCGCTTCACCACGGCAC,+
11,MA1977.1,7.0,0.000579555,0.487406,0.974811,10.0,AGGCAAGGAT,GCCAGGAAGACAAGGATGGTT,+
12,MA1958.1,3.0,6.48509e-05,0.0545396,0.109079,10.0,TACGACTTCG,TTTTACGACTTCCGCCC,-
12,MA1932.1,3.0,0.000379509,0.319167,0.319167,10.0,TACGACTTCG,TTTTACAACTTCCGGT,-
13,MA1982.1,5.0,8.92025e-05,0.0750193,0.150039,10.0,TGAGCGGCCC,GGGCTAGAGCGGCCC,+
14,MA0131.2,-1.0,0.000564697,0.47491,0.944013,9.0,TCCGCGGAAG,CCGCGGACGTTG,-
16,MA0154.4,1.0,1.76548e-05,0.0148477,0.0290622,10.0,GTTCCCTGGG,AGTCCCCTGGGGACT,-
16,MA1597.1,7.0,3.45689e-05,0.0290725,0.0290622,10.0,GTTCCCTGGG,GAAATGGCTTCCCTGGG,-
16,MA1604.1,0.0,0.000500012,0.42051,0.188708,10.0,GTTCCCTGGG,AGTCCCTTGGGAA,-
16,MA1637.1,0.0,0.000561162,0.471937,0.188708,10.0,GTTCCCTGGG,ATTCCCTTGGGAA,-
24,MA1580.1,-1.0,0.000352182,0.296185,0.59237,9.0,GTGCACAGTA,TGTACAGTAT,+
25,MA1722.1,10.0,0.000150282,0.126387,0.168347,9.0,CAGTTATGCG,GGACGCAGGGCAGTTATGC,-
25,MA0781.1,2.0,0.000253157,0.212905,0.168347,10.0,CAGTTATGCG,TGCAGTCATGCGTGACG,-
25,MA0779.1,2.0,0.000300262,0.25252,0.168347,10.0,CAGTTATGCG,TGCAGTCATGCGTGACG,-
27,MA0078.2,1.0,0.000136618,0.114896,0.0916085,10.0,TCCATTGATC,TTCCATTGTTCTTT,-
27,MA0077.1,-1.0,0.000145631,0.122476,0.0916085,9.0,TCCATTGATC,CCATTGTTC,+
27,MA0769.2,0.0,0.000299683,0.252033,0.0916085,10.0,TCCATTGATC,TCCTTTGATGT,+
27,MA1120.1,1.0,0.000299683,0.252033,0.0916085,10.0,TCCATTGATC,TGCCATTGTTT,-
27,MA0514.2,1.0,0.000313668,0.263795,0.0916085,10.0,TCCATTGATC,TTCCATTGTTT,-
27,MA0143.4,1.0,0.00032847,0.276243,0.0916085,10.0,TCCATTGATC,TTCCATTGTTT,-
27,MA1991.1,1.0,0.000484213,0.407223,0.10152,10.0,TCCATTGATC,TGCCTTTGATCTTG,+
27,MA0868.2,-1.0,0.000558671,0.469842,0.10152,9.0,TCCATTGATC,CCATTGTTCT,-
29,MA0004.1,-2.0,0.000126022,0.105985,0.0793642,6.0,CTCACGTGAA,CACGTG,+
29,MA1464.1,0.0,0.000177171,0.149001,0.0793642,10.0,CTCACGTGAA,GGCACGTGAC,-
29,MA0663.1,0.0,0.000429651,0.361336,0.0793642,10.0,CTCACGTGAA,ATCACGTGAT,-
29,MA0464.2,0.0,0.000457628,0.384865,0.0793642,10.0,CTCACGTGAA,ATCACGTGAC,+
29,MA1560.1,0.0,0.000486596,0.409227,0.0793642,10.0,CTCACGTGAA,CGCACGTGCA,+
29,MA0664.1,0.0,0.000486596,0.409227,0.0793642,10.0,CTCACGTGAA,ATCACGTGAT,-
29,MA0692.1,0.0,0.000579541,0.487394,0.0793642,10.0,CTCACGTGAA,ATCACGTGAC,+
29,MA0831.3,0.0,0.000579541,0.487394,0.0793642,10.0,CTCACGTGAA,GTCACGTGAC,+
31,MA0498.2,-3.0,0.000420836,0.353923,0.707846,7.0,TGTATGACAG,TTGACAG,+
35,MA1117.1,1.0,0.00045664,0.384034,0.768069,10.0,CGCGGAATTT,CCGGGGAATTC,-
2,MA1548.1,0.0,0.000185368,0.155894,0.311788,10.0,TGTGCCCCCG,TGGGCCCCCT,+
2,MA1535.1,-1.0,0.000525387,0.441851,0.441851,9.0,TGTGCCCCCG,GTGACCTCG,-
3,MA1711.1,7.0,2.78852e-05,0.0234515,0.0463236,10.0,ACCACGGCAC,CCGCTTCACCACGGCAC,+
8,MA0694.1,0.0,0.000179964,0.15135,0.302699,10.0,ATCGGGGGTC,TTCGGTGGTCGC,-
15,MA0657.1,2.0,8.26448e-05,0.0695043,0.139009,10.0,AAAAGGGGCC,CAAAAAGGGGCGTGGCAT,-
29,MA0683.1,1.0,0.00012281,0.103283,0.186572,10.0,TGCATAATGA,ATGCATAATTAATGAG,+
29,MA0790.1,1.0,0.000254267,0.213839,0.186572,10.0,TGCATAATGA,ATGAATAATTAATG,+
29,MA0791.1,1.0,0.000332768,0.279858,0.186572,10.0,TGCATAATGA,ATGCATAATTAATGAG,+
35,MA1964.1,0.0,0.000484993,0.40788,0.815759,10.0,GTGTCTGTCG,CTGTCTGGCA,-
36,MA0597.2,0.0,0.000141717,0.119184,0.238368,10.0,GCTGACCTGC,CCTGCCCTGCGC,-
8,MA1723.1,13.0,0.000390442,0.328362,0.656723,10.0,GAAGCAGAAG,GGTGGGCAGGGAGGAAGCAGAAGG,+
9,MA1589.1,10.0,9.10376e-05,0.0765627,0.153125,10.0,CTTGCTGGGT,TAGGAGTGGAATTGCTGGGTC,+
10,MA1984.1,0.0,1.42317e-05,0.0119689,0.0239378,10.0,TTACGAGCTC,TTAAGAGCTCAG,+
10,MA0907.1,3.0,0.000561198,0.471968,0.416827,8.0,TTACGAGCTC,TTTTTACGAGC,-
12,MA0059.1,2.0,8.8736e-05,0.074627,0.0854828,9.0,CACGTGGTCC,ACCACGTGGTC,-
12,MA0004.1,0.0,0.000156628,0.131724,0.0854828,6.0,CACGTGGTCC,CACGTG,+
12,MA0104.4,3.0,0.000301552,0.253605,0.0870956,9.0,CACGTGGTCC,GGCCACGTGGCC,+
12,MA0058.3,2.0,0.000351571,0.295672,0.0870956,8.0,CACGTGGTCC,AGCACGTGGT,-
13,MA1588.1,3.0,3.97208e-05,0.0334052,0.0668103,10.0,TCCTTGGTTG,GAATTCTTGGTTGAC,+
14,MA0039.4,1.0,5.82823e-05,0.0490154,0.0558615,10.0,GCCCGACCCC,CGCCCCACCCCC,+
14,MA0599.1,0.0,6.68457e-05,0.0562172,0.0558615,10.0,GCCCGACCCC,GCCCCGCCCC,+
14,MA1513.1,1.0,0.000227871,0.191639,0.126951,10.0,GCCCGACCCC,GCCCCGCCCCC,+
17,MA1929.1,17.0,0.000511329,0.430028,0.680144,10.0,CGCTGCTGGA,TAGCGCCCCCTGGTGGCCACAGCTGGAACTGCAG,-
21,MA0497.1,0.0,0.00045472,0.38242,0.764839,10.0,TGCTAGTTTT,TTCTATTTTTAGCAT,-
24,MA0748.2,1.0,0.000548685,0.461444,0.922889,10.0,GACGACGGCG,AGATGGCGGCG,+
25,MA0891.1,0.0,0.000241708,0.203276,0.406553,10.0,CTTAATACGC,CCTAATCCGC,+
27,MA1633.2,-1.0,6.68746e-05,0.0562416,0.0543871,9.0,AATGAGTCTT,ATGAGTCAT,-
27,MA0655.1,-1.0,0.000105153,0.0884335,0.0543871,9.0,AATGAGTCTT,ATGAGTCAT,-
27,MA0490.2,1.0,0.00011204,0.0942257,0.0543871,10.0,AATGAGTCTT,AAATGAGTCATTT,-
27,MA0835.2,0.0,0.000155696,0.13094,0.0543871,10.0,AATGAGTCTT,TATGAGTCATA,-
27,MA1634.1,0.0,0.000171586,0.144304,0.0543871,10.0,AATGAGTCTT,TATGAGTCATA,-
27,MA0462.2,0.0,0.000197832,0.166377,0.0543871,10.0,AATGAGTCTT,TATGAGTCATA,-
27,MA0477.2,1.0,0.000294484,0.247661,0.0623347,10.0,AATGAGTCTT,GGATGAGTCATCA,-
27,MA1988.1,0.0,0.000326048,0.274206,0.0623347,10.0,AATGAGTCTT,TATGAGTCATC,-
27,MA0491.2,1.0,0.000340112,0.286034,0.0623347,10.0,AATGAGTCTT,GGATGAGTCATCA,-
27,MA0841.1,0.0,0.000431431,0.362834,0.0686501,10.0,AATGAGTCTT,GATGAGTCATG,-
27,MA0489.2,1.0,0.000469755,0.395064,0.0686501,10.0,AATGAGTCTT,AGATGAGTCATA,-
27,MA0099.3,-1.0,0.000524939,0.441473,0.0686501,9.0,AATGAGTCTT,ATGAGTCATC,+
27,MA1142.1,-1.0,0.000559012,0.470129,0.0686501,9.0,AATGAGTCTT,ATGAGTCATC,-
35,MA0803.1,-1.0,0.00032812,0.275949,0.218542,8.0,CTCACTCCTA,TCACACCT,-
35,MA0805.1,-1.0,0.00032812,0.275949,0.218542,8.0,CTCACTCCTA,TCACACCT,-
35,MA0801.1,-1.0,0.000521149,0.438286,0.218542,8.0,CTCACTCCTA,TCACACCT,-
35,MA0806.1,-1.0,0.000521149,0.438286,0.218542,8.0,CTCACTCCTA,TCACACCT,-
36,MA1985.1,2.0,1.69195e-05,0.0142293,0.0227499,10.0,CGGTCGTCGC,AGTGGTCATCGCCCC,-
36,MA0695.1,2.0,2.7051e-05,0.0227499,0.0227499,10.0,CGGTCGTCGC,TTCGGTGGTCGC,-
36,MA0694.1,2.0,4.30511e-05,0.0362059,0.0241373,10.0,CGGTCGTCGC,TTCGGTGGTCGC,-
2,MA1615.1,3.0,0.000521484,0.438568,0.877135,10.0,TGGGGCCTGC,CCCTGGGGCCAGG,+
3,MA1717.1,2.0,0.000116996,0.098394,0.196788,9.0,ACCTACCGTA,GTACCTACCGC,+
4,MA1106.1,0.0,0.000249887,0.210155,0.420309,10.0,GTACGAGCGC,GTACGTGCCC,+
20,MA1981.1,2.0,1.69444e-05,0.0142502,0.0285004,10.0,AGGGAAAGGG,GAAAGGAAAGGGGCGGGA,+
22,MA0740.2,-1.0,0.00041777,0.351345,0.233047,9.0,CTGAGCGGGG,GGGGCGGGG,+
22,MA0493.2,-1.0,0.000570772,0.480019,0.233047,9.0,CTGAGCGGGG,GGGGCGGGG,+
27,MA0877.3,-1.0,0.000269954,0.227031,0.447148,8.0,GTAAATGGTG,TAAACGGT,-
32,MA0830.2,0.0,0.000556809,0.468276,0.537809,10.0,CGGCTCCCGC,CGGCACCTGCCCC,+
34,MA1625.1,2.0,0.000105677,0.0888741,0.177748,10.0,TTTCTGTGAA,GATTTCTGGGAAATG,-
34,MA0144.2,0.0,0.00026053,0.219105,0.182804,10.0,TTTCTGTGAA,CTTCTGGGAAA,+
34,MA0137.3,0.0,0.000326048,0.274206,0.182804,10.0,TTTCTGTGAA,TTTCCAGGAAA,+
2,MA1567.2,2.0,7.11774e-07,0.000598602,0.000716568,10.0,TTCACACCTC,ACTTCACACCTC,-
2,MA1565.1,1.0,1.01653e-06,0.000854899,0.000716568,10.0,TTCACACCTC,TTTCACACCTCC,-
2,MA0803.1,-1.0,1.71597e-06,0.00144313,0.000716568,8.0,TTCACACCTC,TCACACCT,-
2,MA0805.1,-1.0,1.71597e-06,0.00144313,0.000716568,8.0,TTCACACCTC,TCACACCT,-
2,MA1566.2,1.0,4.41528e-06,0.00371325,0.00131589,10.0,TTCACACCTC,TTTCACACCTT,-
2,MA0801.1,-1.0,4.72677e-06,0.00397521,0.00131589,8.0,TTCACACCTC,TCACACCT,-
2,MA0806.1,-1.0,6.28463e-06,0.00528538,0.00140266,8.0,TTCACACCTC,TCACACCT,-
2,MA0802.1,1.0,6.95687e-06,0.00585073,0.00140266,9.0,TTCACACCTC,TTTCACACCT,-
2,MA0689.1,1.0,7.59259e-06,0.00638537,0.00140266,10.0,TTCACACCTC,CTTCACACCTA,-
2,MA0688.1,1.0,8.95735e-06,0.00753313,0.00140266,10.0,TTCACACCTC,TTTCACACCTT,-
2,MA0807.1,-1.0,9.57994e-06,0.00805673,0.00140266,8.0,TTCACACCTC,TCACACCT,-
2,MA0690.2,1.0,1.00769e-05,0.00847465,0.00140266,10.0,TTCACACCTC,TTTCACACCTT,+
2,MA0800.1,3.0,1.36394e-05,0.0114708,0.00175251,10.0,TTCACACCTC,ATTTTCACACCTT,-
2,MA0804.1,1.0,0.000164954,0.138727,0.0196809,10.0,TTCACACCTC,TTTCACACCTAGGTGTGAAA,-
2,MA1652.1,0.0,0.000366865,0.308533,0.0382995,10.0,TTCACACCTC,TTCTCACCTCCTCC,-
4,MA0777.1,4.0,8.41298e-05,0.0707531,0.141506,10.0,GTTTCACGGT,GACCGTTTAACGGTT,-
5,MA0690.2,1.0,1.8671e-05,0.0157023,0.0207986,10.0,TTCACACCGT,TTTCACACCTT,+
5,MA1566.2,1.0,2.71252e-05,0.0228123,0.0207986,10.0,TTCACACCGT,TTTCACACCTT,-
5,MA0800.1,3.0,4.79438e-05,0.0403207,0.0207986,10.0,TTCACACCGT,ATTTTCACACCTT,-
5,MA0688.1,1.0,4.96571e-05,0.0417616,0.0207986,10.0,TTCACACCGT,TTTCACACCTT,-
5,MA0689.1,1.0,0.000105719,0.0889095,0.0354238,10.0,TTCACACCGT,CTTCACACCTA,-
5,MA1565.1,1.0,0.000169369,0.142439,0.0472928,10.0,TTCACACCGT,TTTCACACCTCC,-
5,MA0802.1,1.0,0.000261795,0.220169,0.0603344,9.0,TTCACACCGT,TTTCACACCT,-
5,MA1567.2,2.0,0.000312643,0.262933,0.0603344,10.0,TTCACACCGT,ACTTCACACCTC,-
5,MA0803.1,-1.0,0.000324112,0.272578,0.0603344,8.0,TTCACACCGT,TCACACCT,-
5,MA0805.1,-1.0,0.000368988,0.310319,0.0618193,8.0,TTCACACCGT,TCACACCT,-
5,MA0806.1,-1.0,0.000561112,0.471895,0.0854613,8.0,TTCACACCGT,TCACACCT,-
7,MA1522.1,2.0,0.000181642,0.152761,0.305413,9.0,GGAGGGGGCT,GGGGAGGGGCG,-
10,MA0863.1,2.0,2.82412e-05,0.0237508,0.0475017,10.0,GCCGTGTGAA,GTGCCGTGTGCAAA,-
11,MA1587.1,3.0,3.27197e-05,0.0275172,0.0550345,10.0,CGAGGTCGAG,TCAGGAGGTCGAGG,-
12,MA0091.1,2.0,0.000205118,0.172505,0.173234,10.0,ACCATCTGAT,CGACCATCTGTT,+
12,MA0668.2,2.0,0.000323729,0.272256,0.173234,10.0,ACCATCTGAT,TGACCATCTGTTCCC,-
12,MA0607.2,0.0,0.000584765,0.491788,0.173234,10.0,ACCATCTGAT,ACCATATGGT,+
14,MA1964.1,0.0,0.000120468,0.101314,0.202628,10.0,TTGTCTGGCA,CTGTCTGGCA,-
14,MA0092.1,-1.0,0.000480963,0.40449,0.40449,9.0,TTGTCTGGCA,GGTCTGGCAT,+
16,MA0738.1,-1.0,0.000504202,0.424034,0.64249,9.0,TGTTGGGCAT,GGTGGGCAT,-
17,MA1625.1,3.0,0.000105677,0.0888741,0.177748,10.0,TTCACAGAAA,CATTTCCCAGAAATC,+
17,MA0144.2,1.0,0.00026053,0.219105,0.182804,10.0,TTCACAGAAA,TTTCCCAGAAG,-
17,MA0137.3,1.0,0.000326048,0.274206,0.182804,10.0,TTCACAGAAA,TTTCCTGGAAA,-
21,MA0650.3,2.0,0.000518432,0.436001,0.739678,10.0,CGAATAAAAC,AGCCAATAAAAA,+
25,MA0759.2,1.0,0.000305933,0.25729,0.14171,10.0,CGGGAAGTAG,ACCGGAAGTGG,+
25,MA1932.1,1.0,0.000582943,0.490255,0.14171,10.0,CGGGAAGTAG,ACCGGAAGTTGTAAAA,+
32,MA1143.1,0.0,8.72348e-05,0.0733645,0.143047,10.0,ATGACATAAC,ATGACGTAAC,+
32,MA0018.4,1.0,0.000195232,0.16419,0.16007,10.0,ATGACATAAC,TATGACATCATAA,-
34,MA1559.1,0.0,0.000285331,0.239964,0.479927,10.0,AACTGGTGCG,AACAGGTGCA,+
2,MA1954.1,0.0,0.000420666,0.35378,0.336454,10.0,ATCCACAGGA,ATCAACAGGAAGTG,+
6,MA0050.3,1.0,0.000114731,0.0964888,0.191877,10.0,ATGCAACTGA,AATGAAACTGAAAGT,+
6,MA0517.1,5.0,0.000234361,0.197098,0.191877,10.0,ATGCAACTGA,GGAAAATGAAACTGA,-
6,MA0507.2,3.0,0.000348147,0.292791,0.191877,10.0,ATGCAACTGA,AATATGCAAATTAG,+
6,MA0784.2,3.0,0.00045829,0.385422,0.191877,10.0,ATGCAACTGA,ATTATGCAAATTAGCT,-
6,MA0787.1,2.0,0.000571609,0.480723,0.191877,10.0,ATGCAACTGA,TTATGCAAATTA,+
17,MA1655.1,2.0,0.000493298,0.414863,0.375165,10.0,GGGTGTCCCC,GTGGCTGTTCCC,-
19,MA1524.2,6.0,0.000176969,0.148831,0.231067,10.0,ATTTGTTCCC,GCCACCATTTGTCTCC,-
19,MA0668.2,5.0,0.000292356,0.245872,0.231067,10.0,ATTTGTTCCC,TGACCATCTGTTCCC,-
19,MA0869.2,2.0,0.000412128,0.3466,0.231067,10.0,ATTTGTTCCC,TCCTTTGTTCTC,-
22,MA1989.1,3.0,6.37638e-05,0.0536254,0.107251,10.0,TTGTGGTTCT,TTCTTGTGGTTTTT,-
24,MA1471.1,2.0,0.000177906,0.149619,0.297121,10.0,AATGATTATT,GTAATGGTTTTT,-
24,MA0040.1,1.0,0.000467012,0.392757,0.316365,10.0,AATGATTATT,TATTGTTTATT,+
24,MA0153.2,3.0,0.000590116,0.496288,0.316365,10.0,AATGATTATT,GTTAATGATTAAC,+
26,MA0798.3,5.0,2.14405e-05,0.0180315,0.0174472,10.0,CCATGACAAC,CGTTGCCATGGCAACG,+
26,MA0509.3,5.0,2.65738e-05,0.0223486,0.0174472,10.0,CCATGACAAC,CGTTGCCATGGCAACG,-
26,MA0600.2,5.0,5.68216e-05,0.047787,0.0190738,10.0,CCATGACAAC,CGTTGCCATGGCAACG,+
26,MA0510.2,5.0,0.000106013,0.0891573,0.0222415,10.0,CCATGACAAC,CGTTGCCATGGCAACG,+
36,MA1128.1,3.0,0.000536054,0.450821,0.26966,10.0,TGCCTCATAA,TGATGACTCATCC,+
9,MA1977.1,0.0,0.000193989,0.163145,0.32629,10.0,AACCACCCTT,AACCATCCTTGTCTTCCTGGC,-
17,MA0507.2,4.0,0.000103417,0.0869735,0.107174,10.0,TTTCCATATT,CTAATTTGCATATT,-
17,MA0627.2,3.0,0.000158317,0.133144,0.107174,10.0,TTTCCATATT,TTATTTGCATATT,-
17,MA0785.1,2.0,0.000191565,0.161106,0.107174,10.0,TTTCCATATT,AATTTGCATATT,-
17,MA1607.1,4.0,0.000460881,0.387601,0.193385,10.0,TTTCCATATT,TTTGTTTACATATT,-
18,MA0486.2,3.0,0.000449416,0.377959,0.315426,10.0,TAGACTGTTC,TTCTAGAACGTTC,+
18,MA0770.1,3.0,0.000491679,0.413502,0.315426,10.0,TAGACTGTTC,TTCTAGAACGTTC,+
18,MA0771.1,3.0,0.000562591,0.473139,0.315426,10.0,TAGACTGTTC,TTCTAGAACGTTC,+
21,MA0088.2,4.0,0.000339768,0.285745,0.45765,10.0,GCATTATGAG,CAATGCATTGTGGGTA,-
21,MA1716.1,7.0,0.000544173,0.45765,0.45765,10.0,GCATTATGAG,GCGCGGTGCATTGTGGGTAGG,-
23,MA1585.1,0.0,0.000352215,0.296213,0.592426,10.0,CGCCTATTAT,CACCTACTAT,-
26,MA1979.1,-2.0,0.000371139,0.312128,0.624256,8.0,CGTATCTGGG,TATCTGGGCAC,+
33,MA1480.1,1.0,0.000381245,0.320627,0.641254,9.0,GGATTGTCTG,GGGATTATCT,-
7,MA1979.1,-1.0,0.000345836,0.290848,0.535955,9.0,GTTTCTGGGC,TATCTGGGCAC,+
10,MA1712.1,3.0,0.000303216,0.255005,0.395385,10.0,CGGGGACCGG,CCCCGGGGCCCGGAGCCT,-
10,MA1713.1,0.0,0.000470136,0.395385,0.395385,10.0,CGGGGACCGG,GGGGGAGCGGCGGG,-
11,MA1470.1,2.0,0.000386502,0.325048,0.484333,10.0,ATCATAACGT,AAAGCATGACGTCATGATTT,+
24,MA1480.1,0.0,0.000558702,0.469868,0.874144,10.0,GGGAGTATTT,GGGATTATCT,-
27,MA0152.2,1.0,0.000304609,0.256176,0.511866,10.0,GGTAATGGAA,AAGCAATGGAAACTAT,+
33,MA1473.1,2.0,0.000136593,0.114874,0.22953,9.0,CCATAAAACG,GGCAATAAAAC,+
33,MA0913.2,1.0,0.000282721,0.237768,0.237543,9.0,CCATAAAACG,GCAATAAAAC,+
33,MA1154.1,5.0,0.000549134,0.461822,0.307589,10.0,CCATAAAACG,CTTTCCCACAACACGAC,+
35,MA0754.2,1.0,0.000460771,0.387508,0.26533,9.0,AATCGATGAA,TAATCGATAA,+
36,MA0614.1,0.0,7.49033e-05,0.0629937,0.125416,8.0,TTGTTTATGG,TTGTTTAC,-
36,MA0613.1,0.0,0.000180384,0.151703,0.151015,8.0,TTGTTTATGG,TTGTTTAC,-
36,MA1489.1,0.0,0.000525254,0.441738,0.201784,8.0,TTGTTTATGG,TTGTTTAC,-
36,MA0033.2,-1.0,0.000547574,0.46051,0.201784,7.0,TTGTTTATGG,TGTTTAC,-
1,MA0724.1,-1.0,0.000183171,0.154047,0.178427,9.0,TACTGATTAG,ACCGATTAG,+
1,MA0705.1,-2.0,0.000457446,0.384712,0.178427,8.0,TACTGATTAG,CTAATTAG,-
13,MA1985.1,6.0,0.000342958,0.288428,0.576856,9.0,ACGACCACTT,GGGGCGATGACCACT,+
20,MA0472.2,0.0,0.000456763,0.384137,0.768275,10.0,ATTCCCACGC,ACGCCCACGCA,+
27,MA1480.1,0.0,0.000567321,0.477117,0.954234,10.0,AGATAATAGC,AGATAATCCC,+
30,MA1726.1,2.0,0.000176932,0.1488,0.2976,10.0,GGCGCTGCAA,AGGGCTCTGCAGGG,-
31,MA0794.1,0.0,8.223e-05,0.0691555,0.137609,10.0,TACGACGTCT,TAAGGCGTCTTG,-
3,MA0694.1,2.0,0.000227492,0.191321,0.382642,10.0,GACCCCAGAA,GCGACCACCGAA,+
4,MA0687.1,0.0,0.000169879,0.142868,0.177439,10.0,TGCTTCCTCT,TACTTCCTCTTTTT,-
4,MA1945.1,5.0,0.000214282,0.180211,0.177439,10.0,TGCTTCCTCT,CCACCTGCTTCCGCC,-
5,MA0033.2,-3.0,0.000562776,0.473295,0.477865,7.0,ATGATAAACA,GTAAACA,+
8,MA0501.1,0.0,0.000173387,0.145818,0.291636,10.0,AACTTGCTGA,AAATTGCTGAGTCAT,-
8,MA0117.2,0.0,0.00035853,0.301524,0.301524,10.0,AACTTGCTGA,AAAATGCTGACT,+
14,MA1656.1,0.0,0.000483497,0.406621,0.813241,10.0,CGAAGCGCAA,CCAAGCCCAACCAG,+
32,MA1130.1,0.0,0.00028541,0.24003,0.149127,10.0,TGAGGAGTCA,GGATGAGTCATC,+
32,MA0489.2,0.0,0.000342353,0.287919,0.149127,10.0,TGAGGAGTCA,AGATGAGTCATA,-
32,MA1128.1,0.0,0.000390579,0.328477,0.149127,10.0,TGAGGAGTCA,GGATGAGTCATCA,-
32,MA1141.1,0.0,0.000427654,0.359657,0.149127,10.0,TGAGGAGTCA,GGATGAGTCATCG,+
36,MA0147.3,2.0,0.000274901,0.231191,0.462383,10.0,GAACGTGGGC,GGGCACGTGGCC,-
38,MA0073.1,2.0,0.000560974,0.471779,0.943559,10.0,CCAAACAACC,CCCCAAACCACCCCCCCCCC,+
3,MA0604.1,0.0,0.000521149,0.438286,0.474855,8.0,TGCGTCATGA,TACGTCAT,-
7,MA0083.3,0.0,0.000280542,0.235936,0.279858,10.0,TGCCTATATA,TGACCATATATGGTCA,+
7,MA1979.1,1.0,0.00055953,0.470564,0.31371,10.0,TGCCTATATA,GTGCCCAGATA,-
10,MA0499.2,1.0,0.000121664,0.102319,0.203397,10.0,AGCCCCTGTC,CAGCACCTGTCCC,+
10,MA1599.1,7.0,0.000420939,0.35401,0.351862,9.0,AGCCCCTGTC,CGGGCCAAGCCCCTAT,+
13,MA0507.2,1.0,9.60388e-05,0.0807686,0.0741547,10.0,TAAGTTGCAT,CTAATTTGCATATT,-
13,MA0787.1,0.0,0.000125153,0.105254,0.0741547,10.0,TAAGTTGCAT,TAATTTGCATAA,-
13,MA0786.1,0.0,0.000132705,0.111605,0.0741547,10.0,TAAGTTGCAT,TAATTTGCATAA,-
13,MA0784.2,3.0,0.000280542,0.235936,0.117574,10.0,TAAGTTGCAT,AGCTAATTTGCATAAT,+
13,MA0627.2,0.0,0.000356518,0.299831,0.119532,10.0,TAAGTTGCAT,TTATTTGCATATT,-
13,MA0788.1,0.0,0.000448736,0.377387,0.125376,10.0,TAAGTTGCAT,AAATTAGCATAAT,-
14,MA0776.1,0.0,0.000469755,0.395064,0.790128,10.0,AACGTTAACT,ACCGTTAACGGT,+
15,MA0038.2,1.0,6.77339e-05,0.0569642,0.0641682,10.0,GCAGTGACTT,TGCAGTGATTTG,-
15,MA0609.2,0.0,0.00011445,0.0962523,0.0641682,10.0,GCAGTGACTT,GCAGTGACGTCACTGC,+
15,MA0483.1,1.0,0.000228068,0.191805,0.0959024,10.0,GCAGTGACTT,TGCTGTGATTT,-
16,MA0483.1,1.0,8.13314e-05,0.0683997,0.136799,10.0,GCTGTGCTTT,TGCTGTGATTT,-
16,MA0038.2,1.0,0.000343817,0.28915,0.238507,10.0,GCTGTGCTTT,TGCAGTGATTTG,-
16,MA0002.2,1.0,0.000425398,0.35776,0.238507,10.0,GCTGTGCTTT,GTCTGTGGTTT,+
21,MA1587.1,0.0,2.82008e-05,0.0237169,0.0474337,10.0,CCTCGACTTC,CCTCGACCTCCTGA,+
22,MA0795.1,0.0,0.000322055,0.270849,0.276422,10.0,AGTCTATACA,CGTCTAGACA,+
22,MA1557.1,0.0,0.00040195,0.33804,0.276422,10.0,AGTCTATACA,TGTCTAGACA,+
23,MA1645.1,5.0,0.00038399,0.322935,0.518182,9.0,GAGTGGTTAA,TTCTTGAGTGGTTA,-
25,MA0757.1,2.0,0.000112187,0.0943497,0.102039,10.0,CAAATCAATA,AAAAAATCAATAAT,+
25,MA0679.2,2.0,0.00012133,0.102039,0.102039,10.0,CAAATCAATA,AAAAAATCAATAAATA,+
26,MA1489.1,-2.0,0.000523039,0.439876,0.268484,8.0,CCGTAAATAA,GTAAACAA,+
32,MA1730.1,5.0,0.000479271,0.403067,0.806133,10.0,TGTGCCTCTC,CCGGCTGTGCCTCCT,+
37,MA0063.2,-1.0,0.000238996,0.200996,0.401991,9.0,CAACACTCAA,ACCACTCAAAA,+
39,MA0141.3,1.0,7.67193e-05,0.0645209,0.129042,10.0,CAAGATCATA,TCAAGGTCATA,+
39,MA0592.3,3.0,0.000374786,0.315195,0.27927,10.0,CAAGATCATA,GCTCAAGGTCACA,+
5,MA0733.1,5.0,0.000169762,0.14277,0.238645,10.0,CATGGGCGTA,AAATGCGTGGGCGTAA,-
5,MA0732.1,4.0,0.000283763,0.238645,0.238645,10.0,CATGGGCGTA,AGTGCGTGGGCGTAG,-
5,MA0472.2,2.0,0.000488826,0.411102,0.274068,9.0,CATGGGCGTA,TGCGTGGGCGT,-
10,MA1652.1,0.0,0.0001647,0.138513,0.275788,10.0,TGAGGAGGTG,GGAGGAGGTGAGAA,+
15,MA1583.1,3.0,0.000247536,0.208178,0.416355,10.0,GGGGCAATGC,ACTGCGGCAATGC,-
18,MA1153.1,-1.0,0.000267281,0.224783,0.447414,8.0,TTCTAGACGC,TCTAGACA,-
22,MA0814.2,3.0,3.38151e-05,0.0284385,0.0556381,10.0,GCCACAGGCC,CCCGCCTCAGGCCC,-
22,MA0003.4,3.0,9.11782e-05,0.0766809,0.0750106,10.0,GCCACAGGCC,ATTGCCTCAGGCCA,+
25,MA0139.1,1.0,0.000170823,0.143662,0.107119,10.0,GGCCAGTAGG,TGGCCACCAGGGGGCGCTA,+
25,MA1531.1,1.0,0.000200218,0.168383,0.107119,10.0,GGCCAGTAGG,GGGTCAGTAGGTCAG,+
25,MA1930.1,17.0,0.000201798,0.169713,0.107119,10.0,GGCCAGTAGG,CTGCAGTTCCCCCTTCTGGCCACTAGGGGGCGCTA,+
25,MA1532.2,2.0,0.000300413,0.252648,0.107119,10.0,GGCCAGTAGG,TGGGTTAGTAGGTCA,+
25,MA1929.1,16.0,0.000318427,0.267797,0.107119,10.0,GGCCAGTAGG,CTGCAGTTCCAGCTGTGGCCACCAGGGGGCGCTA,+
26,MA0660.1,2.0,0.000222167,0.186843,0.373685,10.0,TAAAAATATC,GCTATAAATAGC,+
26,MA0773.1,2.0,0.000541502,0.455403,0.435263,10.0,TAAAAATATC,ACTATAAATAGA,+
27,MA0604.1,-3.0,0.000421986,0.35489,0.419102,7.0,TGGTACGTCA,TACGTCAT,-
28,MA0502.2,1.0,6.30616e-05,0.0530348,0.10607,10.0,TCTTTGGCCA,CTCATTGGCCAG,+
30,MA1549.1,0.0,0.000400179,0.33655,0.452022,10.0,TCATCATTAT,ACCTCATTAT,-
30,MA0117.2,2.0,0.000537482,0.452022,0.452022,10.0,TCATCATTAT,AGTCAGCATTTT,-
32,MA0084.1,-1.0,4.50775e-05,0.0379102,0.0755671,9.0,CTTAAACAAT,GTAAACAAT,+
32,MA0030.1,4.0,0.000263938,0.221972,0.175968,10.0,CTTAAACAAT,CAAACGTAAACAAT,+
32,MA0847.3,0.0,0.000314907,0.264837,0.175968,10.0,CTTAAACAAT,CTTAAACAAACA,+
32,MA1489.1,-1.0,0.00054018,0.454291,0.226387,8.0,CTTAAACAAT,GTAAACAA,+
35,MA0802.1,0.0,0.000301746,0.253768,0.323334,10.0,ATGGGTGAAA,AGGTGTGAAA,+
35,MA0690.2,1.0,0.000522672,0.439567,0.323334,10.0,ATGGGTGAAA,AAGGTGTGAAA,-
37,MA0671.1,-1.0,0.000527482,0.443613,0.887225,9.0,GGTTGCCAAC,CGTGCCAAG,+
38,MA0748.2,0.0,3.43605e-05,0.0288972,0.0574063,10.0,AGATGGCGCC,AGATGGCGGCG,+
38,MA0470.2,0.0,0.000158945,0.133673,0.132775,10.0,AGATGGCGCC,AAATGGCGCCAAAA,-
38,MA0864.2,1.0,0.000382901,0.32202,0.213239,10.0,AGATGGCGCC,GAAATGGCGCCAAAAC,-
2,MA0802.1,0.0,0.000327396,0.27534,0.370519,10.0,TTTCAAACCG,TTTCACACCT,-
7,MA0901.2,3.0,0.000346477,0.291387,0.500468,10.0,TTTTATCGGA,AAATTTTATTGGTT,-
8,MA0155.1,1.0,0.000566518,0.476442,0.742141,10.0,GCCCCGTTAC,CGCCCCCTGACA,-
13,MA0066.1,10.0,0.000177239,0.149058,0.200295,10.0,GTGACCTCCT,GTAGGTCACGGTGACCTACT,+
13,MA1110.2,1.0,0.000246575,0.20737,0.200295,9.0,GTGACCTCCT,ACTGACCTCG,-
31,MA1600.1,2.0,5.05767e-05,0.042535,0.0850701,10.0,TCAGTCCACC,ATACAGTCCACCCCTTTA,+
33,MA1720.1,1.0,0.000263848,0.221896,0.443792,10.0,GGCTGTAATC,CTGCTGTAATCTCTTT,-
37,MA0465.2,1.0,0.000272638,0.229289,0.274843,10.0,TGCAATAAGA,AAGCAATAAAAA,+
37,MA0885.2,1.0,0.000469755,0.395064,0.274843,10.0,TGCAATAAGA,AAGCAATTAGCA,+
37,MA1476.2,1.0,0.000491261,0.41315,0.274843,10.0,TGCAATAAGA,AAGCAATTAGCA,+
38,MA0131.2,0.0,2.39184e-06,0.00201154,0.00402307,10.0,CAGCGTCCGC,CAACGTCCGCGG,+
39,MA0799.2,6.0,5.8564e-05,0.0492523,0.0601554,10.0,CTAAGCAACG,CCGTTGCTAAGCAACGG,-
6,MA0258.2,4.0,0.000457721,0.384944,0.769888,10.0,CAGGCTGACT,AGGTCAGGGTGACCT,-
11,MA1116.1,0.0,0.000141429,0.118942,0.237884,10.0,CGTTGGAAAG,CCTGGGAAAG,+
14,MA0152.2,1.0,0.000581958,0.489427,0.865042,10.0,AAGTTTCCAG,ATAGTTTCCATTGCTT,-
17,MA1568.1,0.0,0.000249475,0.209808,0.411892,10.0,CACGATATGT,CACCATATGGCG,+
18,MA0107.1,-1.0,0.000381793,0.321088,0.545014,9.0,CTGGAATTTC,GGGAATTTCC,+
27,MA1712.1,2.0,0.000445383,0.374567,0.749134,10.0,TCTCCCGGCC,AGGCTCCGGGCCCCGGGG,+
32,MA1132.1,0.0,0.000105974,0.0891243,0.176695,10.0,GAAGACGCAT,GATGACTCAT,+
32,MA0099.3,0.0,0.000429651,0.361336,0.199856,10.0,GAAGACGCAT,GATGACTCAT,-
32,MA1142.1,0.0,0.000579541,0.487394,0.199856,10.0,GAAGACGCAT,GATGACTCAT,+
32,MA1144.1,0.0,0.000579541,0.487394,0.199856,10.0,GAAGACGCAT,GATGACTCAT,+
34,MA1592.1,4.0,0.000105184,0.0884596,0.176919,10.0,TTAGTTCTCG,GGTATGAGTTCTCGCT,+
35,MA1979.1,1.0,0.000148904,0.125228,0.250457,10.0,ATCTTGGCAT,TATCTGGGCAC,+
38,MA1529.1,5.0,7.05312e-05,0.0593167,0.117672,10.0,TCAGCTGCGG,GGGACGCAGCTGCGGCCC,-
38,MA0048.2,1.0,0.00018353,0.154348,0.153097,9.0,TCAGCTGCGG,CGCAGCTGCG,-
39,MA0812.1,0.0,7.42412e-05,0.0624368,0.124874,10.0,AGCTTCAGGC,AGCCTCAGGCA,+
2,MA1623.1,1.0,5.86141e-05,0.0492944,0.098024,10.0,GAAATAGAAA,AGAAACAGAAACT,+
2,MA0052.4,5.0,0.000431404,0.362811,0.314635,10.0,GAAATAGAAA,TTCTAAAAATAGAAA,+
8,MA0066.1,10.0,0.000443191,0.372723,0.745447,10.0,GTGACCCGCT,GTAGGTCACGGTGACCTACT,+
10,MA1503.1,0.0,0.000199929,0.16814,0.202161,10.0,AATTTACGAT,ATTTTACGAC,-
10,MA0485.2,0.0,0.000462099,0.388625,0.202161,10.0,AATTTACGAT,ATTTTACGAC,-
10,MA0908.1,0.0,0.000462099,0.388625,0.202161,10.0,AATTTACGAT,TTTTTACGAC,-
10,MA0911.1,1.0,0.000587615,0.494184,0.202161,10.0,AATTTACGAT,AATTTTACGACC,-
11,MA1980.1,0.0,4.88163e-05,0.0410545,0.0821091,10.0,GGCTTTTAGC,TGCTTTTAGCCTCTT,-
32,MA0119.1,3.0,0.000238307,0.200416,0.400832,10.0,CAGGATGCCA,TGGCACCATGCCAA,+
35,MA0517.1,-1.0,0.000549966,0.462521,0.865047,9.0,GGGAAAACGA,GGAAAATGAAACTGA,-
36,MA0778.1,1.0,7.04249e-05,0.0592273,0.0479816,10.0,GGGGATACCC,AGGGGATTCCCCT,+
36,MA0105.4,1.0,7.52616e-05,0.063295,0.0479816,10.0,GGGGATACCC,AGGGGATTCCCCT,-
37,MA1114.1,2.0,0.000299835,0.252161,0.504323,10.0,GAGAGTGACA,GGGTGAGTGACAGGCGG,+
39,MA1480.1,-1.0,0.000168414,0.141636,0.283272,9.0,CAGATAATCT,AGATAATCCC,+
1,MA0154.4,4.0,0.000417821,0.351388,0.487232,10.0,CCCCGGGGAT,AGTCCCCTGGGGACT,-
8,MA1647.2,5.0,5.5216e-05,0.0464367,0.0928734,10.0,GTTGCAAGGC,TGACAGTTTCAAGGCTC,-
17,MA0610.1,2.0,0.000524562,0.441156,0.669765,9.0,TGTATCAACG,AATGTATCAAT,+
22,MA0866.1,3.0,0.000360847,0.303472,0.606945,10.0,ACTACCACTG,AACACTACCATTGTT,-
29,MA1942.1,5.0,0.000437202,0.367687,0.148365,10.0,ACAGGGAGCG,CGTAAACAGGAAGTG,+
30,MA0038.2,-1.0,0.000590737,0.496809,0.468495,9.0,ACAAATCACA,CAAATCACTGCA,+
5,MA0877.3,0.0,0.000278979,0.234622,0.468797,8.0,TAAATGGTTG,TAAACGGT,-
12,MA0505.2,1.0,4.79769e-05,0.0403486,0.0443845,10.0,CGACCTTGAA,CTGACCTTGAACT,+
12,MA1540.2,2.0,5.2826e-05,0.0444267,0.0443845,10.0,CGACCTTGAA,GCTGACCTTGAACTCAT,-
12,MA1541.1,1.0,0.000161997,0.136239,0.0683539,10.0,CGACCTTGAA,TTGACCTTGAACTTGAC,-
12,MA0071.1,0.0,0.000186265,0.156649,0.0683539,10.0,CGACCTTGAA,TGACCTTGAT,-
12,MA0592.3,2.0,0.000233684,0.196528,0.0683539,10.0,CGACCTTGAA,TGTGACCTTGAGC,-
12,MA0643.1,1.0,0.000244063,0.205257,0.0683539,9.0,CGACCTTGAA,ATGACCTTGA,-
12,MA0141.3,2.0,0.000369949,0.311127,0.088809,9.0,CGACCTTGAA,TATGACCTTGA,-
12,MA0160.2,0.0,0.000487233,0.409763,0.102344,10.0,CGACCTTGAA,TGACCTTTAA,-
15,MA1540.2,3.0,5.58519e-05,0.0469715,0.0471913,10.0,AGTTGAAGGT,ATGAGTTCAAGGTCAGC,+
15,MA0505.2,0.0,5.61133e-05,0.0471913,0.0471913,10.0,AGTTGAAGGT,AGTTCAAGGTCAG,-
15,MA1541.1,4.0,0.000449797,0.378279,0.252186,10.0,AGTTGAAGGT,GTCAAGTTCAAGGTCAA,+
18,MA0602.1,0.0,0.00027895,0.234597,0.469194,10.0,GTAATATTGA,CTAATATTGCTAAA,+
24,MA1480.1,0.0,0.000525998,0.442364,0.884729,10.0,AGATATTCCT,AGATAATCCC,+
25,MA0827.1,0.0,0.000279528,0.235083,0.204068,10.0,ACCATATGCA,ACCATATGTT,+
25,MA0607.2,0.0,0.000401411,0.337587,0.204068,10.0,ACCATATGCA,ACCATATGGT,-
25,MA0678.1,0.0,0.000488388,0.410734,0.204068,10.0,ACCATATGCA,ACCATATGGT,+
26,MA0610.1,1.0,2.73545e-05,0.0230051,0.0460102,10.0,ATCTATCAAT,AATGTATCAAT,+
26,MA1479.1,1.0,6.34269e-05,0.053342,0.053342,10.0,ATCTATCAAT,AATGTATCAATT,-
26,MA0070.1,2.0,0.000272099,0.228835,0.138613,10.0,ATCTATCAAT,CCATCAATCAAA,+
26,MA1478.1,1.0,0.000412048,0.346532,0.138613,10.0,ATCTATCAAT,AATGTAACAATT,-
26,MA1707.1,1.0,0.000412048,0.346532,0.138613,10.0,ATCTATCAAT,AATGTAACAATT,-
33,MA0149.1,2.0,5.35383e-05,0.0450258,0.0900515,10.0,AAGGAAGGGA,GGAAGGAAGGAAGGAAGG,+
33,MA0136.3,2.0,0.000153113,0.128768,0.128768,10.0,AAGGAAGGGA,AGAAGGAAGTGA,+
38,MA0476.1,1.0,0.000396554,0.333502,0.4351,10.0,CTGGCTCATT,TGTGACTCATT,+
1,MA1600.1,1.0,5.3477e-05,0.0449741,0.0899483,10.0,TACACTCCAC,ATACAGTCCACCCCTTTA,+
4,MA0901.2,-1.0,0.000158655,0.133429,0.265547,9.0,GAACCAATAA,AACCAATAAAATTT,+
4,MA0650.3,-1.0,0.000493437,0.41498,0.412434,9.0,GAACCAATAA,AGCCAATAAAAA,+
9,MA1724.1,1.0,0.000514414,0.432622,0.865244,10.0,CCCTAGCAAT,TTCCTAGCAACCG,+
13,MA1585.1,0.0,0.000259208,0.217994,0.435987,10.0,ATATTAGGTC,ATAGTAGGTG,+
21,MA1514.1,5.0,0.000575514,0.484007,0.968015,10.0,GTGCATGGTT,AAGGGGTGCGTGGTG,-
23,MA0040.1,1.0,0.000227562,0.19138,0.38276,10.0,ATTGTGTATA,TATTGTTTATT,+
28,MA0795.1,-1.0,0.000277591,0.233454,0.233372,9.0,TTTTCTAGAC,TGTCTAGACG,-
28,MA1557.1,-1.0,0.000277591,0.233454,0.233372,9.0,TTTTCTAGAC,TGTCTAGACA,-
34,MA1637.1,0.0,0.000544443,0.457877,0.578912,10.0,CTCCCAAGTG,TTCCCAAGGGAAT,+
35,MA0813.1,2.0,0.000412247,0.3467,0.693399,10.0,CCCTAACGGC,TGCCCTCAGGGCA,-
37,MA0081.2,0.0,0.000192047,0.161511,0.323023,10.0,TTTCACTTCA,TTTCACTTCCTCTTTT,+
3,MA0844.1,0.0,0.000384422,0.323299,0.646598,10.0,AATGACACGC,AATGCCACGTCATC,+
7,MA0114.4,2.0,0.000171431,0.144174,0.144174,10.0,TGGACTTCGA,TTTGGACTTTGGA,-
7,MA0484.2,2.0,0.000171431,0.144174,0.144174,10.0,TGGACTTCGA,TCTGGACTTTGGA,-
8,MA1728.1,1.0,0.000314682,0.264647,0.305367,10.0,AGGGCAGGAG,CTGGGCAGCAGC,-
9,MA1725.1,0.0,9.08978e-05,0.0764451,0.15289,10.0,AGGGAGCAGC,AGGGAACAGCATG,-
9,MA1655.1,-1.0,0.000492853,0.41449,0.41449,9.0,AGGGAGCAGC,GGGAACAGCCAC,+
12,MA1724.1,2.0,0.000105485,0.0887131,0.177426,10.0,CCTAGCCACA,TTCCTAGCAACCG,+
14,MA1155.1,5.0,6.95362e-05,0.0584799,0.11696,10.0,AGTATGTGCA,TTTTCAGTGTGTGCA,-
16,MA1977.1,11.0,7.74206e-05,0.0651107,0.130221,10.0,AAGGATAGTT,GCCAGGAAGACAAGGATGGTT,+
22,MA1578.1,0.0,0.000115181,0.0968668,0.16272,10.0,ACCCCCCCTA,CCCCCCACTT,+
22,MA0753.2,2.0,0.000193484,0.16272,0.16272,10.0,ACCCCCCCTA,CCGCCCCCCCCAC,+
31,MA1958.1,3.0,6.48509e-05,0.0545396,0.109079,10.0,TACGACTTGC,TTTTACGACTTCCGCCC,-
31,MA1932.1,3.0,0.000398668,0.33528,0.33528,10.0,TACGACTTGC,TTTTACAACTTCCGGT,-
37,MA1649.1,0.0,9.28369e-05,0.0780758,0.156152,10.0,GGGCTCCAGA,GGGTTCCAGAT,-
39,MA0083.3,1.0,0.000333325,0.280327,0.280327,10.0,GCCTATATAT,TGACCATATATGGTCA,+
2,MA0777.1,2.0,6.88832e-06,0.00579308,0.0115862,10.0,CGGTTTAACG,GACCGTTTAACGGTT,-
3,MA1972.1,1.0,0.000575292,0.483821,0.967642,10.0,AAGGCTCTGG,GGAGGCACTGGAATG,+
11,MA0485.2,0.0,4.28005e-05,0.0359952,0.0598531,10.0,GTCGTAAGAC,GTCGTAAAAT,+
11,MA1506.1,1.0,9.62994e-05,0.0809878,0.0598531,10.0,GTCGTAAGAC,GGTCGTAAAAC,+
11,MA0873.1,1.0,0.000106919,0.0899188,0.0598531,10.0,GTCGTAAGAC,AGTCGTAAAAA,+
11,MA1503.1,0.0,0.000162632,0.136774,0.0612636,10.0,GTCGTAAGAC,GTCGTAAAAT,+
11,MA0906.1,1.0,0.000182398,0.153396,0.0612636,10.0,GTCGTAAGAC,GGTCGTAAAAA,+
11,MA0651.2,2.0,0.00028784,0.242074,0.0740093,10.0,GTCGTAAGAC,AGGTCGTAAAAA,+
11,MA0908.1,0.0,0.000308483,0.259434,0.0740093,10.0,GTCGTAAGAC,GTCGTAAAAA,+
16,MA0073.1,1.0,0.000379804,0.319416,0.517873,10.0,GGTTGGGGGT,TGGGGGGGGGTGGTTTGGGG,-
18,MA1523.1,0.0,0.000128959,0.108454,0.216444,10.0,GTCCAATCAC,GTACACTCAC,+
25,MA1972.1,3.0,0.000191017,0.160646,0.321291,10.0,TCTAGTGCCT,CATTCCAGTGCCTCC,-
29,MA1146.1,5.0,0.00013306,0.111904,0.213189,10.0,CAATTACCTC,AAGGTCAATGACCTC,-
29,MA1147.1,5.0,0.000359556,0.302386,0.233262,10.0,CAATTACCTC,GGGGTCAATGACCTC,-
29,MA1538.1,5.0,0.000436766,0.36732,0.233262,10.0,CAATTACCTC,AAGGTCAATGACCTT,-
3,MA0119.1,3.0,0.000238307,0.200416,0.400832,10.0,CAGGATGCCA,TGGCACCATGCCAA,+
15,MA0663.1,0.0,0.000374586,0.315027,0.189687,10.0,ACCACGTTAT,ATCACGTGAT,-
17,MA0484.2,-1.0,0.000493133,0.414725,0.829449,9.0,CCCTGGACTT,TCTGGACTTTGGA,-
18,MA1985.1,1.0,0.000200218,0.168383,0.336767,10.0,GGGCGACTAC,GGGGCGATGACCACT,+
21,MA1972.1,5.0,0.000437969,0.368332,0.493836,10.0,CCCTGGTATG,GGAGGCACTGGAATG,+
22,MA1562.1,0.0,0.000170706,0.143564,0.287128,10.0,CCTTGGTCGG,CATTGTTCGG,-
22,MA1561.1,0.0,0.000591905,0.497792,0.497792,10.0,CCTTGGTCGG,CATTGTTCGGT,-
24,MA1600.1,5.0,5.05363e-05,0.0425011,0.0850021,10.0,GAGTGGACTG,TAAAGGGGTGGACTGTAT,-
28,MA0802.1,0.0,0.000327396,0.27534,0.347289,10.0,CGTTGTGAAA,AGGTGTGAAA,+
34,MA1718.1,8.0,0.000114914,0.0966424,0.193285,10.0,GTATGTCCAT,AAAATGTGGTATATCCATAC,-
37,MA0092.1,2.0,0.000580427,0.488139,0.976279,8.0,TCTGGCATAG,GGTCTGGCAT,+
3,MA1644.1,0.0,4.58031e-05,0.0385204,0.0590355,10.0,TCCGATTGGC,TCTGATTGGCT,-
3,MA0060.3,0.0,7.01968e-05,0.0590355,0.0590355,10.0,TCCGATTGGC,TCTGATTGGTT,-
6,MA1722.1,0.0,0.000299813,0.252143,0.359721,10.0,GGCCGCATGG,GGACGCAGGGCAGTTATGC,-
7,MA0843.1,1.0,0.000215177,0.180963,0.211612,10.0,GTTTCGTAAT,TGTTACGTAATA,-
7,MA0838.1,0.0,0.000259208,0.217994,0.211612,10.0,GTTTCGTAAT,ATTGCGCAAT,-
7,MA0639.1,1.0,0.00037743,0.317419,0.211612,10.0,GTTTCGTAAT,TGTTACGTAATA,-
13,MA1592.1,1.0,0.000581958,0.489427,0.976965,10.0,GTGTGAGTTA,GGTATGAGTTCTCGCT,+
15,MA0048.2,0.0,0.000174491,0.146747,0.11242,10.0,GGCGGCTGCG,CGCAGCTGCG,-
15,MA1635.1,0.0,0.000361688,0.304179,0.11242,10.0,GGCGGCTGCG,CGCAGCTGCG,+
15,MA1938.1,7.0,0.000398896,0.335472,0.11242,10.0,GGCGGCTGCG,TACTTCCGGCAGCTGCT,-
15,MA1100.2,0.0,0.00040471,0.340361,0.11242,10.0,GGCGGCTGCG,GGCAGCTGCC,-
18,MA1106.1,-1.0,0.000152796,0.128501,0.256512,9.0,ACGGCACGTA,GGGCACGTAC,-
19,MA1978.1,8.0,0.00024346,0.20475,0.4095,10.0,CATTCATATT,AATTAGTCCATTTATATTTAT,-
25,MA1977.1,6.0,0.000496929,0.417918,0.802035,10.0,CCTTGTCATC,AACCATCCTTGTCTTCCTGGC,-
26,MA0705.1,-2.0,0.000441394,0.371213,0.132087,8.0,GGCTGATTAG,CTAATTAG,-
28,MA0527.1,2.0,0.000361367,0.30391,0.607819,10.0,AAGCTCGCGA,CAGATCTCGCGAGAG,-
2,MA1545.1,1.0,0.000447453,0.376308,0.752616,10.0,ACGTAACGGA,CACATAACGGTAC,-
11,MA1708.1,0.0,0.000217107,0.182587,0.243741,10.0,AGCCGGGAGT,AGGCGGAAGTG,+
11,MA0750.2,0.0,0.000429416,0.361139,0.243741,10.0,AGCCGGGAGT,GCCCGGAAGTGGC,+
11,MA0641.1,1.0,0.000562847,0.473354,0.243741,10.0,AGCCGGGAGT,AACCCGGAAGTG,+
13,MA0857.1,1.0,6.38806e-05,0.0537235,0.0768229,10.0,TAGGTCAAAA,AAAGGTCAAAAGGTCA,+
13,MA0729.1,0.0,0.000157076,0.132101,0.0768229,10.0,TAGGTCAAAA,GAGGTCAAAAGGTCAATG,+
13,MA0859.1,0.0,0.000205317,0.172671,0.0768229,10.0,TAGGTCAAAA,AAGGTCAAAAGGTCAA,+
13,MA0728.1,0.0,0.000214213,0.180153,0.0768229,10.0,TAGGTCAAAA,GAGGTCAAAAGGTCA,+
13,MA1148.1,3.0,0.000229133,0.192701,0.0768229,10.0,TAGGTCAAAA,ATGTAGGTCAAAGGTCAT,+
13,MA1111.1,2.0,0.00052153,0.438607,0.145714,9.0,TAGGTCAAAA,CAAAGGTCAAA,+
16,MA0131.2,0.0,0.000415983,0.349842,0.699683,10.0,TAAGGTCCGC,CAACGTCCGCGG,+
17,MA0615.1,2.0,0.000215227,0.181006,0.361884,10.0,ATCTTACGTC,CCATCGTACGTAAACTC,-
17,MA1503.1,0.0,0.000557931,0.46922,0.469055,10.0,ATCTTACGTC,ATTTTACGAC,-
32,MA0688.1,0.0,0.000373639,0.31423,0.218178,10.0,AAAGTGTCAA,AAGGTGTGAAA,+
32,MA1566.2,0.0,0.000431431,0.362834,0.218178,10.0,AAAGTGTCAA,AAGGTGTGAAA,+
32,MA0690.2,0.0,0.000456068,0.383553,0.218178,10.0,AAAGTGTCAA,AAGGTGTGAAA,-
32,MA0610.1,0.0,0.00052153,0.438607,0.218178,10.0,AAAGTGTCAA,AATGTATCAAT,+
35,MA0892.1,0.0,2.38103e-05,0.0200244,0.0196519,10.0,CCCAATTAAA,CCTAATTAAA,+
35,MA0666.2,-1.0,3.65396e-05,0.0307298,0.0196519,8.0,CCCAATTAAA,CCAATTAA,+
35,MA0708.2,-1.0,3.65396e-05,0.0307298,0.0196519,8.0,CCCAATTAAA,CCAATTAA,+
35,MA0642.2,0.0,6.20384e-05,0.0521743,0.0220478,8.0,CCCAATTAAA,CCCAATTA,+
35,MA0709.1,-1.0,9.93665e-05,0.0835672,0.0220478,8.0,CCCAATTAAA,CCAATTAA,+
35,MA0716.1,-1.0,0.000110327,0.0927849,0.0220478,8.0,CCCAATTAAA,CTAATTAA,+
35,MA0634.1,0.0,0.000111199,0.093518,0.0220478,10.0,CCCAATTAAA,TCTAATTAAA,+
35,MA0654.1,-1.0,0.000148941,0.125259,0.0220478,8.0,CCCAATTAAA,CTAATTAA,+
35,MA0717.1,-1.0,0.000148941,0.125259,0.0220478,8.0,CCCAATTAAA,CCAATTAA,+
35,MA0876.1,-1.0,0.000156298,0.131447,0.0220478,8.0,CCCAATTAAA,CCAATTAA,+
35,MA0720.1,-1.0,0.000163978,0.137906,0.0220478,8.0,CCCAATTAAA,CTAATTAA,+
35,MA0630.1,-1.0,0.000163978,0.137906,0.0220478,8.0,CCCAATTAAA,CCAATTAA,-
35,MA0618.1,-1.0,0.00021752,0.182934,0.0237488,8.0,CCCAATTAAA,CTAATTAA,-
35,MA0675.1,-1.0,0.000227903,0.191667,0.0237488,8.0,CCCAATTAAA,CTAATTAA,+
35,MA0701.2,-1.0,0.000238778,0.200813,0.0237488,8.0,CCCAATTAAA,CTAATTAA,+
35,MA0075.3,-1.0,0.000250225,0.210439,0.0237488,8.0,CCCAATTAAA,CTAATTAA,+
35,MA0721.1,-1.0,0.000250225,0.210439,0.0237488,8.0,CCCAATTAAA,CTAATTAA,+
35,MA0880.1,-1.0,0.0003042,0.255832,0.026643,8.0,CCCAATTAAA,CCAATTAC,+
35,MA0700.2,1.0,0.000313744,0.263859,0.026643,10.0,CCCAATTAAA,AACCAATTAAT,+
35,MA0882.1,-1.0,0.000339485,0.285507,0.0273875,8.0,CCCAATTAAA,CCAATTAC,+
35,MA1498.2,-1.0,0.000590607,0.4967,0.0453775,8.0,CCCAATTAAA,GCAATTAA,+
37,MA1608.1,0.0,0.000398844,0.335428,0.670856,10.0,GTCCATTGGC,ATCCATTAGCA,+
3,MA1982.1,5.0,3.75557e-06,0.00315843,0.00631686,10.0,GCTCTAGCCC,GGGCCGCTCTAGCCC,-
8,MA0782.2,5.0,0.000227006,0.190912,0.381824,10.0,GTCGCTCATA,TAGCTGTCACTCAAA,-
11,MA1616.1,-1.0,0.000106382,0.0894671,0.178934,9.0,TAGGAAAACC,AGGAAAACCTGGAGC,+
12,MA0694.1,0.0,0.000264573,0.222506,0.237938,10.0,GCCACCCCCG,GCGACCACCGAA,+
12,MA0695.1,0.0,0.000349538,0.293962,0.237938,10.0,GCCACCCCCG,GCGACCACCGAA,+
13,MA0632.2,0.0,0.000528516,0.444482,0.888964,10.0,TCAGGCGCAT,TCACGCGCAC,+
16,MA0646.1,0.0,0.000425877,0.358162,0.716325,10.0,CGTGCGGGTC,CATGCGGGTAC,+
21,MA1602.1,1.0,0.000146552,0.12325,0.246501,10.0,CTGAGTAGAC,CCCGTGTAGACG,-
24,MA0076.2,2.0,0.000395942,0.332987,0.413766,9.0,CGGAAATGGA,GCCGGAAGTGG,-
25,MA1646.1,0.0,9.9146e-05,0.0833818,0.166764,10.0,ACACAGAAGG,AAACAGAAGCAG,+
35,MA1470.1,6.0,6.086e-05,0.0511832,0.0999092,10.0,TAACGTCATG,AAAGCATGACGTCATGATTT,+
35,MA1133.1,2.0,0.000300356,0.252599,0.10612,10.0,TAACGTCATG,TGTGACGTCATT,+
35,MA0656.1,2.0,0.000431145,0.362593,0.10612,10.0,TAACGTCATG,GATGACGTCATC,-
35,MA1136.1,1.0,0.000525053,0.44157,0.10612,9.0,TAACGTCATG,ATGACGTCAT,+
35,MA1129.1,1.0,0.000557931,0.46922,0.10612,9.0,TAACGTCATG,ATGACGTCAT,+
1,MA0154.4,5.0,9.04351e-05,0.0760559,0.152112,10.0,CCTCGGGACT,AGTCCCCTGGGGACT,-
10,MA1973.1,9.0,0.000465952,0.391866,0.783732,10.0,ATCCTGGGCC,GCGTGGGCTAGCCTGGGCCC,-
12,MA0007.3,2.0,6.48268e-05,0.0545193,0.109,10.0,GAACACGATG,GGGAACACGGTGTACCC,+
12,MA0074.1,1.0,0.000327824,0.2757,0.200528,10.0,GAACACGATG,TGAACTCGTTGACCC,-
12,MA0727.1,2.0,0.000411515,0.346084,0.200528,10.0,GAACACGATG,GGGAACACAATGTTCCC,+
12,MA1533.1,2.0,0.000477048,0.401198,0.200528,10.0,GAACACGATG,ATGAACTCGATGAACTC,+
16,MA0822.1,-1.0,3.72992e-05,0.0313686,0.0408726,9.0,CTGGCACGTG,TGGCACGTGCCA,-
16,MA1493.1,-2.0,0.000159458,0.134104,0.0465061,8.0,CTGGCACGTG,GGCACGTGTT,+
16,MA0004.1,-4.0,0.000161079,0.135468,0.0465061,6.0,CTGGCACGTG,CACGTG,+
16,MA0616.2,-2.0,0.000184873,0.155478,0.0465061,8.0,CTGGCACGTG,GGCACGTGCC,+
16,MA0823.1,-2.0,0.000199664,0.167917,0.0465061,8.0,CTGGCACGTG,GGCACGTGTC,-
16,MA0821.2,-2.0,0.000351206,0.295364,0.0572627,8.0,CTGGCACGTG,GGCACGTGCC,+
16,MA0649.1,-2.0,0.000351206,0.295364,0.0572627,8.0,CTGGCACGTG,GGCACGTGTC,-
16,MA0809.2,1.0,0.000566546,0.476465,0.0620497,10.0,CTGGCACGTG,CCTGGAATGTGG,-
16,MA1099.2,-2.0,0.00058845,0.494887,0.0620497,8.0,CTGGCACGTG,GGCACGTGGC,+
16,MA0825.1,-2.0,0.00058845,0.494887,0.0620497,8.0,CTGGCACGTG,GGCACGTGGT,-
18,MA0796.1,3.0,1.79722e-05,0.0151146,0.0066474,9.0,CAGCTGTCAA,TGACAGCTGTCA,+
18,MA1571.1,3.0,2.74723e-05,0.0231042,0.0066474,9.0,CAGCTGTCAA,TGACAGCTGTCA,+
18,MA0774.1,-2.0,3.20944e-05,0.0269914,0.0066474,8.0,CAGCTGTCAA,GCTGTCAA,-
18,MA0797.1,3.0,3.64258e-05,0.0306341,0.0066474,9.0,CAGCTGTCAA,TGACAGCTGTCA,+
18,MA1572.1,3.0,3.64258e-05,0.0306341,0.0066474,9.0,CAGCTGTCAA,TGACAGCTGTCA,+
18,MA0775.1,-2.0,9.46985e-05,0.0796414,0.0155535,8.0,CAGCTGTCAA,CCTGTCAA,-
18,MA0782.2,0.0,0.000191353,0.160928,0.0285712,10.0,CAGCTGTCAA,TAGCTGTCACTCAAA,-
18,MA0783.1,3.0,0.000227297,0.191156,0.0287167,9.0,CAGCTGTCAA,TGACAGGTGTCA,+
18,MA0498.2,-3.0,0.000278276,0.23403,0.0326463,7.0,CAGCTGTCAA,CTGTCAA,-
18,MA1485.1,4.0,0.000402714,0.338683,0.0440952,10.0,CAGCTGTCAA,GCAACAGCTGTTAC,+
20,MA1711.1,6.0,0.000478743,0.402623,0.805245,10.0,CGGTGAATCG,GTGCCGTGGTGAAGCGG,-
31,MA2001.1,0.0,9.25093e-05,0.0778003,0.154895,10.0,GAAACCGGAG,GAAACCTGAGC,+
1,MA0056.2,1.0,0.000297083,0.249847,0.499694,10.0,CAATCCCCAT,CAAATCCCCACTT,+
6,MA1571.1,2.0,0.000529369,0.445199,0.181133,10.0,AGAGCTGACA,TGACAGCTGTCA,+
6,MA0796.1,2.0,0.00056538,0.475485,0.181133,10.0,AGAGCTGACA,TGACAGCTGTCA,+
8,MA1654.1,0.0,0.000405019,0.340621,0.67195,10.0,AAAACCTTTC,AAAACCTTCCATGGCTCCCTATT,-
12,MA0861.1,2.0,0.000505111,0.424798,0.653684,10.0,CATCTCTAGA,GACATGTCTGGACATGTC,+
14,MA1530.1,0.0,0.00019757,0.166157,0.331435,9.0,GTCATTATAA,CTCATTAAA,+
33,MA0690.2,1.0,0.00036949,0.310741,0.312604,10.0,TTCACGGCTT,TTTCACACCTT,+
33,MA1566.2,1.0,0.000454997,0.382653,0.312604,10.0,TTCACGGCTT,TTTCACACCTT,-
33,MA0688.1,1.0,0.000558087,0.469351,0.312604,10.0,TTCACGGCTT,TTTCACACCTT,-
34,MA0060.3,0.0,0.000181116,0.152318,0.201399,10.0,AACAAATCAG,AACCAATCAGA,+
34,MA1644.1,0.0,0.000239475,0.201399,0.201399,10.0,AACAAATCAG,AGCCAATCAGA,+
1,MA1524.2,2.0,2.03177e-05,0.0170872,0.0340602,10.0,CGCCATTTGT,GCCACCATTTGTCTCC,-
1,MA1109.1,1.0,0.000341616,0.287299,0.28634,10.0,CGCCATTTGT,CTGCCATCTGTCC,-
7,MA0155.1,2.0,0.00031596,0.265723,0.53094,10.0,CCCCCTTACC,CGCCCCCTGACA,-
12,MA1649.1,-1.0,0.000106919,0.0899188,0.179838,9.0,GATCTGGAAC,ATCTGGAACCC,+
21,MA1513.1,1.0,5.70945e-08,4.80165e-05,9.41195e-05,10.0,GGGGCGGGGC,GGGGGCGGGGC,-
21,MA0742.2,0.0,1.84683e-07,0.000155319,0.000152224,9.0,GGGGCGGGGC,GGGGCGGGG,+
21,MA1511.2,0.0,3.68048e-07,0.000309528,0.000194824,9.0,GGGGCGGGGC,GGGGCGGGG,+
21,MA0516.3,0.0,4.72734e-07,0.000397569,0.000194824,9.0,GGGGCGGGGC,GGGGCGGGG,+
21,MA0079.5,0.0,7.01905e-07,0.000590302,0.000231416,9.0,GGGGCGGGGC,GGGGCGGGG,+
21,MA0685.2,0.0,9.59957e-07,0.000807324,0.000256996,9.0,GGGGCGGGGC,GGGGCGGGG,+
21,MA0599.1,0.0,1.18066e-06,0.000992937,0.000256996,10.0,GGGGCGGGGC,GGGGCGGGGC,-
21,MA0740.2,0.0,1.24719e-06,0.00104888,0.000256996,9.0,GGGGCGGGGC,GGGGCGGGG,+
21,MA1959.1,0.0,2.08027e-06,0.0017495,0.000381032,9.0,GGGGCGGGGC,GGGGCGGGG,+
21,MA1961.1,2.0,3.15976e-06,0.00265736,0.000520882,10.0,GGGGCGGGGC,GGGGGGCGGGGG,+
21,MA0741.1,1.0,4.13874e-06,0.00348068,0.000620241,10.0,GGGGCGGGGC,GGGGGCGTGGC,-
21,MA0493.2,0.0,5.36415e-06,0.00451125,0.000736894,9.0,GGGGCGGGGC,GGGGCGGGG,+
21,MA1564.1,2.0,2.73639e-05,0.023013,0.00346992,10.0,GGGGCGGGGC,GGGGGGCGTGGC,-
21,MA1512.1,1.0,3.25171e-05,0.0273469,0.00377651,10.0,GGGGCGGGGC,GTGGGCGTGGC,-
21,MA1522.1,0.0,3.45894e-05,0.0290897,0.00377651,10.0,GGGGCGGGGC,GGGGAGGGGCG,-
21,MA0746.2,2.0,3.87468e-05,0.0325861,0.00377651,10.0,GGGGCGGGGC,GGTGGGCGTGGCC,-
21,MA0039.4,1.0,3.89453e-05,0.032753,0.00377651,10.0,GGGGCGGGGC,GGGGGTGGGGCG,-
21,MA0747.1,2.0,5.99003e-05,0.0503761,0.00548582,10.0,GGGGCGGGGC,AGTGGGCGTGGC,-
21,MA0657.1,6.0,6.76224e-05,0.0568705,0.00583748,10.0,GGGGCGGGGC,CAAAAAGGGGCGTGGCAT,-
21,MA1630.2,1.0,7.08223e-05,0.0595616,0.00583748,10.0,GGGGCGGGGC,GGGGGAGGGGAG,+
21,MA1653.1,1.0,7.47633e-05,0.0628759,0.00586886,10.0,GGGGCGGGGC,GGGGGAGGGGGG,-
21,MA1517.1,0.0,0.000152578,0.128318,0.0114329,10.0,GGGGCGGGGC,TGGGCGTGGCC,-
21,MA1515.1,0.0,0.000227742,0.191531,0.016323,10.0,GGGGCGGGGC,TGGGCGTGGTG,-
21,MA1965.1,1.0,0.000333853,0.28077,0.0229313,9.0,GGGGCGGGGC,GGGGGAGGGG,-
21,MA0753.2,1.0,0.00042352,0.35618,0.0279266,10.0,GGGGCGGGGC,GTGGGGGGGGCGG,-
23,MA0866.1,3.0,0.000477017,0.401171,0.802342,10.0,ACTACCATTT,AACACTACCATTGTT,-
36,MA1645.1,1.0,0.000120606,0.10143,0.202859,10.0,AACAACTCAA,TAACCACTCAAGAA,+
37,MA0632.2,1.0,0.000351571,0.295672,0.591343,9.0,CACGAGCACC,TCACGCGCAC,+
2,MA1981.1,1.0,0.000216963,0.182466,0.364367,10.0,CCCGCCCGTT,TCCCGCCCCTTTCCTTTC,-
5,MA0905.1,0.0,0.000211698,0.178038,0.20501,10.0,GTCATAAAGT,GTCGTAAAAT,+
5,MA1503.1,0.0,0.000245027,0.206068,0.20501,10.0,GTCATAAAGT,GTCGTAAAAT,+
6,MA0779.1,3.0,0.000551371,0.463703,0.426019,10.0,CTCGCTTGAC,CGTCACGCATGACTGCA,+
7,MA1972.1,1.0,0.000169801,0.142802,0.283001,10.0,GAGGCCATGG,GGAGGCACTGGAATG,+
18,MA0144.2,0.0,0.000313668,0.263795,0.52759,10.0,CTTCCCAAAA,TTTCCCAGAAG,-
30,MA1651.1,7.0,0.000339697,0.285685,0.571371,10.0,GCTGGCTGCC,GTTCCAAAATGGCTGCCTCCG,+
32,MA0074.1,5.0,0.000438131,0.368468,0.435138,10.0,CCGTTGACGC,TGAACTCGTTGACCC,-
33,MA1152.1,0.0,0.000116464,0.0979464,0.117526,10.0,CCATTGGTTT,CTATTGTTTT,+
33,MA0515.1,0.0,0.000140046,0.117779,0.117526,10.0,CCATTGGTTT,CCATTGTTTT,+
33,MA0868.2,0.0,0.000433621,0.364675,0.233175,10.0,CCATTGGTTT,CCATTGTTCT,-
35,MA0858.1,2.0,0.000575237,0.483774,0.473006,10.0,ACCTCTGGTT,TGACCTTTAGTTGACCT,-
37,MA1652.1,1.0,0.000366179,0.307957,0.367744,10.0,TCTCAATTCC,TTCTCACCTCCTCC,-
37,MA0081.2,0.0,0.00043727,0.367744,0.367744,10.0,TCTCAATTCC,TTTCACTTCCTCTTTT,+
38,MA1941.1,3.0,5.13505e-05,0.0431858,0.0863715,10.0,ACCTGTATCC,ACCACCTGTTTCCGGT,-
38,MA1945.1,2.0,0.000180315,0.151645,0.151645,10.0,ACCTGTATCC,CCACCTGCTTCCGCC,-
3,MA1943.1,3.0,1.31264e-05,0.0110393,0.0220048,10.0,TATGTTTCCG,GTTTATGTTTCCGGT,-
8,MA0484.2,0.0,0.00024615,0.207012,0.239094,10.0,GCAAAAGTCC,TCCAAAGTCCAGA,+
8,MA0114.4,0.0,0.000284297,0.239094,0.239094,10.0,GCAAAAGTCC,TCCAAAGTCCAAA,+
17,MA0143.4,0.0,0.000272525,0.229194,0.458388,10.0,ATCCATTCTT,TTCCATTGTTT,-
21,MA0875.1,0.0,0.000303055,0.254869,0.490298,8.0,ACAATTAGTC,GCAATTAG,+
34,MA1546.1,-1.0,0.000160666,0.13512,0.136667,9.0,CCCGTCACGC,CCGTCACGCTAATTAA,+
34,MA0067.2,-1.0,0.000162506,0.136667,0.136667,9.0,CCCGTCACGC,TCGTCACGCTTCACTGA,-
35,MA0682.2,-3.0,0.000375233,0.315571,0.436887,7.0,CACGGGATTA,GGGATTAG,-
35,MA1547.2,-3.0,0.000520602,0.437826,0.436887,7.0,CACGGGATTA,GGGATTAA,-
36,MA0819.2,1.0,0.000460771,0.387508,0.751873,9.0,TACGTGTTTT,GCACGTGTTT,-
37,MA1981.1,2.0,0.000167345,0.140737,0.281475,10.0,AAGGACAGGG,GAAAGGAAAGGGGCGGGA,+
5,MA0599.1,0.0,0.000215021,0.180832,0.118726,10.0,GCCCCGCCGA,GCCCCGCCCC,+
5,MA1513.1,0.0,0.000322217,0.270985,0.118726,10.0,GCCCCGCCGA,GCCCCGCCCCC,+
5,MA0740.2,-1.0,0.000349154,0.293638,0.118726,9.0,GCCCCGCCGA,CCCCGCCCC,-
5,MA0493.2,-1.0,0.00047885,0.402712,0.118726,9.0,GCCCCGCCGA,CCCCGCCCC,-
5,MA1959.1,-1.0,0.000500649,0.421046,0.118726,9.0,GCCCCGCCGA,CCCCGCCCC,-
8,MA0782.2,4.0,0.000162574,0.136725,0.27345,10.0,TGTCACTGAA,TAGCTGTCACTCAAA,-
8,MA1114.1,5.0,0.000365461,0.307353,0.307353,10.0,TGTCACTGAA,CCGCCTGTCACTCACCC,-
9,MA0631.1,0.0,0.000522418,0.439353,0.878707,10.0,CATAGGGTAT,GATAGGGTATCACTTAT,+
10,MA0036.3,1.0,6.71489e-05,0.0564723,0.108516,10.0,AAGATAAGCA,AAAGATAAGAA,-
10,MA0482.2,1.0,0.000148639,0.125005,0.108516,10.0,AAGATAAGCA,AAAGATAAGGAA,-
10,MA1970.1,1.0,0.000193848,0.163026,0.108516,10.0,AAGATAAGCA,AAAGATAAGATA,-
10,MA1104.2,1.0,0.000469437,0.394797,0.165004,10.0,AAGATAAGCA,AAAGATAAGATAA,-
10,MA0037.4,1.0,0.000491261,0.41315,0.165004,10.0,AAGATAAGCA,ACAGATAAGAAA,-
12,MA0844.1,0.0,1.22409e-05,0.0102946,0.0200445,10.0,AATGACACGT,AATGCCACGTCATC,+
20,MA0858.1,3.0,5.03847e-05,0.0423736,0.0847471,10.0,CCTTTAGTTG,TGACCTTTAGTTGACCT,-
22,MA1117.1,-1.0,0.000561417,0.472151,0.547758,9.0,AGAATTGCCC,GAATTCCCCGG,+
26,MA1608.1,-1.0,0.000200045,0.168238,0.333542,9.0,CAGCCATTAG,ATCCATTAGCA,+
28,MA0610.1,0.0,0.000298921,0.251392,0.502785,10.0,AATGATACTT,ATTGATACATT,-
29,MA1940.1,4.0,0.000347363,0.292132,0.386579,10.0,GAAGCTATTA,ACCGGAAGTAATTA,+
29,MA1944.1,4.0,0.000462632,0.389074,0.386579,10.0,GAAGCTATTA,ACCGGAAGTAATTA,+
34,MA1467.2,1.0,0.000370013,0.311181,0.262613,10.0,GCCAACTGCT,TGCCATCTGTC,-
37,MA1587.1,4.0,0.000241423,0.203037,0.401551,10.0,GACCTCCGGG,CCTCGACCTCCTGA,+
38,MA1561.1,-2.0,0.00036884,0.310194,0.620388,8.0,TCACCGAACA,ACCGAACAATG,+
9,MA0138.2,9.0,0.000204142,0.171683,0.343367,10.0,ATGGACGGCG,TTCAGCACCATGGACAGCGCC,+
18,MA1154.1,2.0,0.000390647,0.328534,0.657069,10.0,TCCCCATAAC,CTTTCCCACAACACGAC,+
21,MA1999.1,5.0,0.00029648,0.24934,0.49868,10.0,CTCCATTTGC,CTGTTCTCCATCTCC,+
25,MA0829.2,0.0,0.000484213,0.407223,0.814447,10.0,AAATCTGGTG,AGATCAGGTGATCT,-
36,MA0117.2,0.0,0.000565604,0.475673,0.886108,10.0,AGTCCGCATA,AGTCAGCATTTT,-
5,MA1651.1,9.0,0.000263313,0.221446,0.442893,10.0,ACATTTTGGA,CGGAGGCAGCCATTTTGGAAC,-
15,MA0728.1,4.0,0.000479261,0.403059,0.474558,10.0,CTCTTGACCA,TGACCTTTTGACCTC,-
15,MA0017.2,0.0,0.000564278,0.474558,0.474558,10.0,CTCTTGACCA,CCCTTGACCTTTG,-
28,MA1957.1,4.0,0.000160619,0.13508,0.0973921,10.0,GACTTCCAGT,TAATGACTTCCGGT,-
28,MA0763.1,0.0,0.000209532,0.176217,0.0973921,10.0,GACTTCCAGT,CACTTCCGGT,-
28,MA1932.1,6.0,0.000309575,0.260353,0.0973921,10.0,GACTTCCAGT,TTTTACAACTTCCGGT,-
28,MA1933.1,6.0,0.00041857,0.352018,0.0973921,10.0,GACTTCCAGT,TCACGCCACTTCCGGT,-
28,MA0765.3,0.0,0.000430095,0.36171,0.0973921,10.0,GACTTCCAGT,CACTTCCGGT,-
28,MA0156.3,1.0,0.000432456,0.363696,0.0973921,10.0,GACTTCCAGT,TCACTTCCGGTT,-
28,MA0760.1,0.0,0.000487209,0.409743,0.0973921,10.0,GACTTCCAGT,CACTTCCGGT,-
28,MA0764.3,0.0,0.000517276,0.435029,0.0973921,10.0,GACTTCCAGT,CACTTCCGGT,-
31,MA1506.1,0.0,1.97752e-05,0.0166309,0.0193298,10.0,GGTCGTAAAT,GGTCGTAAAAC,+
31,MA0651.2,1.0,2.91669e-05,0.0245293,0.0193298,10.0,GGTCGTAAAT,AGGTCGTAAAAA,+
31,MA0906.1,0.0,3.46128e-05,0.0291093,0.0193298,10.0,GGTCGTAAAT,GGTCGTAAAAA,+
31,MA0911.1,0.0,5.47645e-05,0.0460569,0.0229378,10.0,GGTCGTAAAT,GGTCGTAAAATT,+
31,MA0873.1,0.0,7.93562e-05,0.0667386,0.0265903,10.0,GGTCGTAAAT,AGTCGTAAAAA,+
31,MA0485.2,-1.0,0.000225829,0.189922,0.0523646,9.0,GGTCGTAAAT,GTCGTAAAAT,+
31,MA0594.2,-1.0,0.000240745,0.202467,0.0523646,9.0,GGTCGTAAAT,GTCGTAAACG,+
31,MA1503.1,-1.0,0.000260097,0.218741,0.0523646,9.0,GGTCGTAAAT,GTCGTAAAAT,+
31,MA0908.1,-1.0,0.000281299,0.236572,0.0523646,9.0,GGTCGTAAAT,GTCGTAAAAA,+
31,MA0907.1,0.0,0.000524646,0.441227,0.087898,10.0,GGTCGTAAAT,GCTCGTAAAAA,+
36,MA1964.1,-1.0,3.65163e-05,0.0307102,0.0614204,9.0,TCTGTCTGGC,CTGTCTGGCA,-
37,MA1150.1,2.0,0.000376988,0.317047,0.463118,9.0,TTGGGTCATT,AATTAGGTCAC,+
39,MA1535.1,0.0,0.000530402,0.446068,0.753511,9.0,CGTGGTCACA,CGAGGTCAC,+
3,MA0860.1,6.0,0.000385423,0.324141,0.648282,10.0,TTCGTTACCT,TGACCTTTCGTGACCTT,-
9,MA0525.2,6.0,0.0002218,0.186534,0.373067,10.0,TTGGGACATC,AACATGTTGGGACATGTC,+
11,MA0711.1,-1.0,0.000447496,0.376344,0.401285,8.0,CTTAATCGGA,TTAATCCG,+
26,MA1940.1,3.0,0.000142111,0.119515,0.219466,10.0,TTGCTTCCGT,TAATTACTTCCGGT,-
26,MA1944.1,3.0,0.00038343,0.322465,0.219466,10.0,TTGCTTCCGT,TAATTACTTCCGGT,-
26,MA1646.1,0.0,0.000430655,0.362181,0.219466,10.0,TTGCTTCCGT,CTGCTTCTGTTT,-
26,MA1949.1,4.0,0.000524296,0.440933,0.219466,10.0,TTGCTTCCGT,ATAATTACTTCCGGT,-
35,MA0515.1,0.0,0.000260097,0.218741,0.288885,10.0,CCATTGTCTA,CCATTGTTTT,+
38,MA0089.2,3.0,3.9409e-05,0.033143,0.0208655,10.0,ACGACTCAGC,AGAATGACTCAGCAAT,+
38,MA0150.2,4.0,4.59419e-05,0.0386371,0.0208655,10.0,ACGACTCAGC,CAGCATGACTCAGCA,+
38,MA0501.1,0.0,5.05908e-05,0.0425469,0.0208655,10.0,ACGACTCAGC,ATGACTCAGCAATTT,+
38,MA0591.1,3.0,5.05908e-05,0.0425469,0.0208655,10.0,ACGACTCAGC,AGGATGACTCAGCAC,+
38,MA0659.3,3.0,0.000175095,0.147255,0.0577725,10.0,ACGACTCAGC,GTGCTGACTCAGCAG,+
38,MA0496.3,2.0,0.000417137,0.350812,0.114695,10.0,ACGACTCAGC,TGCTGACTCAGCAAT,+
22,MA0052.4,0.0,0.000498398,0.419153,0.838306,10.0,TTTTAAAAAT,TTCTAAAAATAGAAA,+
31,MA0693.3,1.0,0.000249018,0.209424,0.418848,10.0,TGTGTTCATT,CTGAGTTCATA,+
1,MA0692.1,0.0,0.000352209,0.296208,0.260774,10.0,GTCATGAGAT,GTCACGTGAT,-
2,MA1999.1,5.0,0.000298846,0.25133,0.502659,10.0,CTCGATCTGC,CTGTTCTCCATCTCC,+
4,MA1651.1,1.0,0.000280089,0.235554,0.471109,10.0,GGAGGCAGTC,CGGAGGCAGCCATTTTGGAAC,-
6,MA0844.1,2.0,0.000531611,0.447085,0.344078,10.0,GGCCACCTCA,AATGCCACGTCATC,+
12,MA1561.1,1.0,0.000522588,0.439496,0.878993,10.0,ACTGTTCGAT,CATTGTTCGGT,-
15,MA0154.4,5.0,8.41741e-05,0.0707905,0.141581,10.0,CCTGCGGACT,AGTCCCCTGGGGACT,-
21,MA0048.2,0.0,7.24384e-05,0.0609207,0.110879,10.0,CTCAGCTGCT,CGCAGCTGCG,+
21,MA1966.1,0.0,0.000440455,0.370422,0.231113,10.0,CTCAGCTGCT,CCCACCTGCTTCCGGC,-
28,MA0712.2,-1.0,0.000204719,0.172168,0.343804,9.0,TATCTAATCC,TTCTAATCCCTT,-
31,MA0052.4,5.0,0.000404058,0.339813,0.679626,10.0,ATAATAGAAA,TTCTAAAAATAGAAA,+
3,MA0499.2,3.0,0.000542791,0.456487,0.507651,10.0,ACAGTTGCCG,GGGACAGGTGCTG,-
8,MA1109.1,1.0,8.56098e-05,0.0719978,0.132178,10.0,GACAGAGGGC,GGACAGATGGCAG,+
8,MA1467.2,0.0,0.000158614,0.133394,0.132178,10.0,GACAGAGGGC,GACAGATGGCA,+
8,MA1642.1,2.0,0.000271917,0.228682,0.151065,10.0,GACAGAGGGC,GGAACAGATGGCA,+
12,MA0497.1,3.0,0.000453383,0.381295,0.76259,10.0,CCAAAAATAT,ATGCTAAAAATAGAA,+
27,MA0783.1,3.0,0.000567965,0.477658,0.371479,9.0,CATGTGTCAG,TGACAGGTGTCA,+
31,MA0659.3,0.0,0.000253556,0.213241,0.426482,10.0,GTACTGACTC,GTGCTGACTCAGCAG,+
35,MA1731.1,6.0,0.000236348,0.198768,0.397537,10.0,ACTCTCTCTG,TCGCTTACCCTCTCTGGG,+
39,MA1650.1,2.0,8.64965e-05,0.0727435,0.144306,10.0,CCCCGCACGC,CCCCGCGCACCC,+
39,MA1513.1,1.0,0.000301946,0.253937,0.251875,10.0,CCCCGCACGC,GCCCCGCCCCC,+
39,MA1961.1,1.0,0.000459516,0.386453,0.255543,10.0,CCCCGCACGC,CCCCCGCCCCCC,-
3,MA0753.2,3.0,0.000415373,0.349328,0.470143,10.0,GCCCCCCAAC,CCGCCCCCCCCAC,+
11,MA1969.1,3.0,0.000300261,0.252519,0.505039,10.0,GTGTCCACAT,CCTGTGTCCTCATGTGACCTCTCC,+
12,MA0810.1,2.0,0.000277813,0.233641,0.168053,10.0,CCCTCGGGCG,TGCCCCCGGGCA,+
12,MA1569.1,1.0,0.000281365,0.236628,0.168053,10.0,CCCTCGGGCG,CGCCTGAGGCG,-
12,MA0524.2,2.0,0.000459516,0.386453,0.191813,10.0,CCCTCGGGCG,TGCCCTGGGGCA,-
14,MA0897.1,2.0,7.29061e-05,0.061314,0.0673435,10.0,AAGCAACTAA,ACAAGCAATTAAAGAAT,+
14,MA0898.1,2.0,8.08455e-05,0.0679911,0.0673435,10.0,AAGCAACTAA,ACAAGCAATTAAAGAAT,+
14,MA0896.1,2.0,0.000233811,0.196635,0.129841,10.0,AAGCAACTAA,ACAAGCAATTAATGAAT,+
15,MA1118.1,0.0,0.000219233,0.184375,0.368749,10.0,GATCAGGTTG,TATCAGGTTAC,-
15,MA1119.1,1.0,0.000440074,0.370102,0.370102,10.0,GATCAGGTTG,GTATCAGGTTTCAGTT,-
19,MA1580.1,0.0,0.000493804,0.415289,0.830579,10.0,ATACTGTTCG,ATACTGTACA,-
22,MA1548.1,0.0,0.000157599,0.132541,0.26378,10.0,TTCGCCCCCT,TGGGCCCCCT,+
24,MA1480.1,0.0,0.000507615,0.426905,0.853809,10.0,GGGATCGTCT,GGGATTATCT,-
29,MA1108.2,1.0,0.00016232,0.136511,0.269083,9.0,CCACATGGCT,GACACATGGC,+
29,MA0104.4,2.0,0.000493584,0.415104,0.272743,10.0,CCACATGGCT,GGCCACGTGGCC,+
35,MA1155.1,1.0,0.00013114,0.110288,0.220577,10.0,TTGCAGTGTG,TTTTCAGTGTGTGCA,-
36,MA0728.1,3.0,0.000416584,0.350347,0.319237,10.0,CCTCTTGACA,TGACCTTTTGACCTC,-
39,MA0148.4,2.0,7.96486e-05,0.0669845,0.0476531,10.0,ATGGTTACAT,ACATGTTTACAT,-
39,MA1707.1,1.0,0.000117863,0.0991225,0.0476531,10.0,ATGGTTACAT,AATTGTTACATT,+
39,MA1478.1,1.0,0.000132705,0.111605,0.0476531,10.0,ATGGTTACAT,AATTGTTACATT,+
39,MA0047.3,1.0,0.00013399,0.112686,0.0476531,10.0,ATGGTTACAT,TATGTTTACAT,-
39,MA1683.1,1.0,0.000163487,0.137493,0.0476531,10.0,ATGGTTACAT,TATGTTTACAT,-
39,MA0481.3,1.0,0.000171586,0.144304,0.0476531,10.0,ATGGTTACAT,TATGTTTACAT,-
39,MA0032.2,0.0,0.000249018,0.209424,0.0518683,10.0,ATGGTTACAT,ATATTTACATA,-
39,MA0610.1,0.0,0.000249018,0.209424,0.0518683,10.0,ATGGTTACAT,ATTGATACATT,-
39,MA0845.1,0.0,0.000326048,0.274206,0.0603671,10.0,ATGGTTACAT,ATATTTACATA,-
39,MA1607.1,1.0,0.000363871,0.306015,0.0606329,10.0,ATGGTTACAT,TTTGTTTACATATT,-
39,MA1479.1,1.0,0.000537898,0.452373,0.0814834,10.0,ATGGTTACAT,AATTGATACATT,+
4,MA0609.2,0.0,1.20308e-06,0.00101179,0.00101144,10.0,GCAGTGACGT,GCAGTGACGTCACTGC,+
4,MA1145.1,0.0,0.000196199,0.165003,0.109963,10.0,GCAGTGACGT,GCGATGACGTCATCA,-
4,MA1933.1,4.0,0.000530846,0.446441,0.223142,10.0,GCAGTGACGT,ACCGGAAGTGGCGTGA,+
5,MA0643.1,0.0,0.000519694,0.437063,0.652217,10.0,ACGAACTTGA,ATGACCTTGA,-
14,MA1629.1,3.0,0.00029003,0.243915,0.32603,10.0,ACAGCCGGGA,CTCACAGCAGGGGG,+
14,MA0686.1,1.0,0.000423522,0.356182,0.32603,10.0,ACAGCCGGGA,TACATCCGGGT,-
14,MA1628.1,1.0,0.00058367,0.490867,0.32603,10.0,ACAGCCGGGA,CACAGCAGGGG,+
19,MA0877.3,1.0,0.000561697,0.472387,0.590475,7.0,CCGTTTAGTT,ACCGTTTA,+
30,MA0748.2,-2.0,0.000344375,0.289619,0.579238,8.0,AACGCCGCCA,CGCCGCCATCT,-
32,MA0646.1,2.0,0.00048181,0.405202,0.810404,9.0,ACCCGCGTGC,GTACCCGCATG,-
33,MA0878.3,0.0,0.000116571,0.0980361,0.125254,10.0,GGTACTAAAA,GGCAATAAAA,+
33,MA0899.1,0.0,0.000149077,0.125373,0.125254,10.0,GGTACTAAAA,GGTAATAAAAA,+
33,MA1473.1,0.0,0.000313744,0.263859,0.175739,10.0,GGTACTAAAA,GGCAATAAAAC,+
36,MA0809.2,0.0,0.000491261,0.41315,0.324011,10.0,ACACATTTCA,CCACATTCCAGG,+
36,MA1121.1,0.0,0.000561235,0.471999,0.324011,10.0,ACACATTTCA,TCACATTCCAGCC,+
39,MA1623.1,1.0,0.000308522,0.259467,0.260531,10.0,CTTTTTGTTT,AGTTTCTGTTTCT,-
6,MA0877.3,0.0,0.000298146,0.250741,0.40964,8.0,ACCATTTATA,ACCGTTTA,+
6,MA1978.1,6.0,0.000487841,0.410275,0.40964,10.0,ACCATTTATA,AATTAGTCCATTTATATTTAT,-
7,MA1463.1,0.0,5.66536e-05,0.0476457,0.093507,10.0,TCTAATAAAA,TCTAATTAAA,+
7,MA0634.1,0.0,0.000175364,0.147481,0.144719,10.0,TCTAATAAAA,TCTAATTAAA,+
7,MA0901.2,1.0,0.000321579,0.270448,0.176923,10.0,TCTAATAAAA,AACCAATAAAATTT,+
7,MA1963.1,2.0,0.000492929,0.414553,0.196678,10.0,TCTAATAAAA,TTACTAATAACTA,+
10,MA0595.1,1.0,3.41134e-05,0.0286894,0.0573788,9.0,TCACCCCACA,ATCACCCCAC,+
10,MA0596.1,1.0,8.68365e-05,0.0730295,0.0730295,9.0,TCACCCCACA,ATCACCCCAT,-
12,MA0810.1,0.0,0.000522477,0.439404,0.258679,10.0,TGCCCCCGCG,TGCCCCCGGGCA,+
18,MA0068.2,-1.0,0.000256678,0.215866,0.150795,8.0,GCTAATTCGA,CTAATTAG,-
21,MA0070.1,0.0,0.00028539,0.240013,0.242433,10.0,ATTGATTGAA,TTTGATTGATGG,-
21,MA0611.2,2.0,0.000288267,0.242433,0.242433,10.0,ATTGATTGAA,TAAGTGATTGAATCAG,-
22,MA1480.1,-1.0,0.000438418,0.36871,0.737419,9.0,GAGAAAATCC,AGATAATCCC,+
23,MA0700.2,1.0,0.000431431,0.362834,0.417595,10.0,TCCAATCAAT,AACCAATTAAT,+
24,MA1619.1,2.0,9.9146e-05,0.0833818,0.0476866,10.0,ACAGCTTTGC,GCACAGCTGTGC,+
24,MA1472.2,2.0,0.000161728,0.136013,0.0476866,10.0,ACAGCTTTGC,GAACAGCTGTTC,+
24,MA0521.2,2.0,0.000187658,0.15782,0.0476866,10.0,ACAGCTTTGC,GAACAGCTGTTC,+
24,MA1641.1,2.0,0.000227297,0.191156,0.0476866,10.0,ACAGCTTTGC,GAACAGCTGTTC,+
27,MA0496.3,4.0,0.00029588,0.248835,0.200747,10.0,GACTCAGGAT,TGCTGACTCAGCAAT,+
27,MA1520.1,5.0,0.000327147,0.275131,0.200747,10.0,GACTCAGGAT,TTGCTGACTCAGCAT,-
34,MA0124.2,0.0,9.58644e-05,0.080622,0.159708,9.0,ACCACGTAAG,ACCACTTAA,+
34,MA0672.1,0.0,0.000328624,0.276373,0.273741,10.0,ACCACGTAAG,ACCACTTGAA,+
36,MA1532.2,2.0,0.000397279,0.334111,0.506426,10.0,ACCCAGTAAC,TGACCTACTAACCCA,-
37,MA0777.1,4.0,0.000398126,0.334824,0.390081,10.0,GTTAAACGGG,AACCGTTAAACGGTC,+
37,MA0635.1,0.0,0.00046383,0.390081,0.390081,10.0,GTTAAACGGG,GCTAAACGGT,+
1,MA0035.4,0.0,0.000493544,0.41507,0.451955,10.0,TTCAAATCTT,TTCTAATCTAT,+
3,MA0750.2,0.0,0.00021296,0.179099,0.357216,10.0,GCACGGAAGT,GCCCGGAAGTGGC,+
8,MA0693.3,0.0,5.70894e-05,0.0480122,0.0959332,10.0,CAGAGTTCAG,CTGAGTTCATA,+
11,MA0733.1,0.0,4.69918e-05,0.0395201,0.0705174,10.0,TCCCGCCCAC,TTACGCCCACGCATTT,+
11,MA0471.2,3.0,0.000123794,0.104111,0.0705174,10.0,TCCCGCCCAC,CCTTCCCGCCCCC,-
11,MA0740.2,0.0,0.000234797,0.197464,0.0705174,9.0,TCCCGCCCAC,CCCCGCCCC,-
11,MA0162.4,0.0,0.000305292,0.256751,0.0705174,10.0,TCCCGCCCAC,CCACGCCCACGCCC,+
11,MA0732.1,0.0,0.000315546,0.265374,0.0705174,10.0,TCCCGCCCAC,CTACGCCCACGCACT,+
11,MA1513.1,1.0,0.000345808,0.290825,0.0705174,10.0,TCCCGCCCAC,GCCCCGCCCCC,+
11,MA1564.1,1.0,0.000374996,0.315372,0.0705174,10.0,TCCCGCCCAC,GCCACGCCCCCC,+
11,MA1512.1,1.0,0.000512587,0.431086,0.0705174,10.0,TCCCGCCCAC,GCCACGCCCAC,+
11,MA0493.2,0.0,0.000545387,0.458671,0.0705174,9.0,TCCCGCCCAC,CCCCGCCCC,-
11,MA0753.2,3.0,0.000557787,0.469099,0.0705174,10.0,TCCCGCCCAC,CCGCCCCCCCCAC,+
11,MA1959.1,0.0,0.000569982,0.479355,0.0705174,9.0,TCCCGCCCAC,CCCCGCCCC,-
11,MA1122.1,3.0,0.000578193,0.48626,0.0705174,8.0,TCCCGCCCAC,CCTTCCCGCCC,-
36,MA0113.3,5.0,3.17599e-05,0.0267101,0.0534202,10.0,CATTATGTAC,GGGAACATTATGTACCC,-
36,MA0727.1,5.0,8.93121e-05,0.0751115,0.0751115,10.0,CATTATGTAC,GGGAACATTGTGTTCCC,-
4,MA1973.1,1.0,0.0005364,0.451113,0.902226,10.0,TGCCCAGGAT,GGGCCCAGGCTAGCCCACGC,+
6,MA0516.3,0.0,2.21104e-05,0.0185948,0.0217783,9.0,GAGGCGGGGA,GGGGCGGGG,+
6,MA0742.2,0.0,2.61235e-05,0.0219699,0.0217783,9.0,GAGGCGGGGA,GGGGCGGGG,+
6,MA1511.2,0.0,4.83691e-05,0.0406784,0.0255846,9.0,GAGGCGGGGA,GGGGCGGGG,+
6,MA0079.5,0.0,6.53845e-05,0.0549884,0.0255846,9.0,GAGGCGGGGA,GGGGCGGGG,+
6,MA0685.2,0.0,7.81397e-05,0.0657155,0.0255846,9.0,GAGGCGGGGA,GGGGCGGGG,+
6,MA0740.2,0.0,9.20676e-05,0.0774288,0.0255846,9.0,GAGGCGGGGA,GGGGCGGGG,+
6,MA1959.1,0.0,0.000131439,0.11054,0.0313076,9.0,GAGGCGGGGA,GGGGCGGGG,+
6,MA0471.2,1.0,0.00015233,0.128109,0.0317482,10.0,GAGGCGGGGA,GGGGGCGGGAAGG,+
6,MA0493.2,0.0,0.000273413,0.229941,0.0501156,9.0,GAGGCGGGGA,GGGGCGGGG,+
6,MA1513.1,1.0,0.000300572,0.252781,0.0501156,10.0,GAGGCGGGGA,GGGGGCGGGGC,-
11,MA0809.2,1.0,0.000575355,0.483874,0.711167,10.0,CAAATACCAG,CCACATTCCAGG,+
16,MA0721.1,-1.0,0.000323969,0.272458,0.134495,8.0,TTTAATTGAC,TTAATTAG,-
16,MA0704.1,-1.0,0.000461213,0.38788,0.134495,8.0,TTTAATTGAC,TTAATTAA,-
16,MA0718.1,0.0,0.000466551,0.392369,0.134495,10.0,TTTAATTGAC,GTTAATTGGC,-
18,MA0686.1,2.0,0.000457598,0.38484,0.76968,9.0,CATCCGGCTC,TACATCCGGGT,-
19,MA1979.1,1.0,0.000522527,0.439445,0.878891,10.0,CGCCCTGATA,GTGCCCAGATA,-
27,MA1711.1,4.0,0.000334687,0.281472,0.413767,10.0,CGTTGTGAAG,GTGCCGTGGTGAAGCGG,-
27,MA0689.1,1.0,0.000491995,0.413767,0.413767,10.0,CGTTGTGAAG,TAGGTGTGAAG,+
32,MA1489.1,-1.0,0.000388519,0.326745,0.569369,8.0,GTGGTTTACC,TTGTTTAC,-
4,MA1584.1,6.0,0.000146269,0.123013,0.246025,10.0,CGGGGGGTAT,GCACAGCGGGGGGTCG,-
4,MA0736.1,5.0,0.000350722,0.294957,0.278875,9.0,CGGGGGGTAT,CTTCGCGGGGGGTC,-
4,MA0696.1,5.0,0.000557483,0.468844,0.278875,9.0,CGGGGGGTAT,CACAGCGGGGGGTC,-
6,MA1978.1,5.0,0.000532975,0.448232,0.49887,10.0,GTCCATTTAA,AATTAGTCCATTTATATTTAT,-
17,MA1628.1,1.0,0.000209596,0.17627,0.351363,10.0,CCAACAGGGG,CACAGCAGGGG,+
17,MA0139.1,3.0,0.000446602,0.375593,0.374338,10.0,CCAACAGGGG,TGGCCACCAGGGGGCGCTA,+
21,MA0727.1,7.0,0.000497554,0.418443,0.836885,10.0,AAATGTTCCC,GGGAACACAATGTTCCC,+
25,MA1964.1,0.0,0.000484993,0.40788,0.815759,10.0,GTATCTGGCG,CTGTCTGGCA,-
36,MA1102.2,2.0,0.000404978,0.340586,0.663497,10.0,CAGGGGGTAC,AGCAGGGGGCGC,+
5,MA0647.1,0.0,2.48565e-05,0.0209043,0.041669,10.0,AAAAACGGTT,AAAACCGGTTTT,+
5,MA1544.1,2.0,0.000168821,0.141979,0.0943364,10.0,AAAAACGGTT,CAAATAACGGTTTT,-
5,MA1968.1,-1.0,0.000401708,0.337837,0.168354,9.0,AAAAACGGTT,AAACCGGTTT,+
5,MA0877.3,-1.0,0.000562617,0.473161,0.188632,8.0,AAAAACGGTT,TAAACGGT,-
8,MA1657.1,2.0,0.000328396,0.276181,0.247538,10.0,TAACTGTTTA,TTTAACTCTTTC,-
13,MA1708.1,0.0,0.000555592,0.467253,0.464866,10.0,CACTGCCGTC,CACTTCCGCCT,-
21,MA1654.1,7.0,2.49044e-06,0.00209446,0.00417243,10.0,AGCCATGGAA,AATAGGGAGCCATGGAAGGTTTT,+
21,MA0152.2,1.0,0.000262995,0.221178,0.220308,10.0,AGCCATGGAA,AAGCAATGGAAACTAT,+
22,MA1999.1,2.0,3.37847e-05,0.028413,0.0568259,10.0,GTTCTCCACC,CTGTTCTCCATCTCC,+
24,MA1124.1,1.0,2.96513e-05,0.0249368,0.0492364,10.0,ATTCACTCAT,CATTCATTCATTC,+
30,MA0002.2,1.0,0.000273258,0.22981,0.257014,10.0,TTTTTGGTTT,GTCTGTGGTTT,+
30,MA1989.1,2.0,0.000580672,0.488345,0.257014,10.0,TTTTTGGTTT,TTCTTGTGGTTTTT,-
34,MA0102.4,0.0,0.000165164,0.138903,0.185397,10.0,TTATTGCACC,TTATTGCACAATAT,+
34,MA0833.2,0.0,0.000220448,0.185397,0.185397,10.0,TTATTGCACC,TTATTGCATCATTT,-
34,MA1636.1,1.0,0.000525609,0.442038,0.294692,10.0,TTATTGCACC,ATGATTGCATCATTT,-
1,MA1575.1,5.0,0.000188027,0.158131,0.280392,10.0,CTCAATGAGG,GTGACCTCAATGAGGTCAC,-
5,MA1636.1,1.0,0.000281089,0.236396,0.422023,10.0,TGATTGCGTC,ATGATTGCATCATTT,-
5,MA0833.2,0.0,0.000506116,0.425644,0.422023,10.0,TGATTGCGTC,TTATTGCATCATTT,-
10,MA1126.1,5.0,0.000555802,0.46743,0.93486,10.0,CGGCATCATT,GATGACGTCATCATTT,+
11,MA1998.1,0.0,0.000361315,0.303866,0.607732,10.0,CTTAGAGTCC,GTTAGAGACCCT,-
14,MA0638.1,3.0,0.000528131,0.444159,0.381058,10.0,TGACGAGGAA,TGATGACGTGGCAC,-
28,MA0463.2,0.0,0.000242188,0.20368,0.40736,10.0,ATCCTTTCGA,ATGCTTTCGAGGAATT,+
34,MA0024.3,0.0,0.000430655,0.362181,0.372913,10.0,TTTGGTGCCT,TTTGGCGCCAAA,-
36,MA0795.1,0.0,0.00053091,0.446496,0.303704,10.0,CGGCTAGACG,TGTCTAGACG,-
38,MA1730.1,5.0,0.00015801,0.132886,0.264885,10.0,GCACGGCCGG,AGGAGGCACAGCCGG,-
9,MA1985.1,0.0,0.000115499,0.0971344,0.194269,10.0,GGGCCGACGA,GGGGCGATGACCACT,+
10,MA0051.1,4.0,0.000374756,0.31517,0.63034,10.0,CGGTTTCACT,GTTTTGCTTTCACTTTCC,-
13,MA0472.2,2.0,0.000425877,0.358162,0.430889,9.0,CCTGGGCGTC,TGCGTGGGCGT,-
13,MA0162.4,3.0,0.000512353,0.430889,0.430889,10.0,CCTGGGCGTC,GGGCGTGGGCGTGG,-
15,MA1712.1,8.0,0.000198498,0.166937,0.333874,10.0,CCCGGAGCCG,CCCCGGGGCCCGGAGCCT,-
16,MA1565.1,-1.0,0.000187658,0.15782,0.111281,9.0,TGAAGGTGTG,GGAGGTGTGAAA,+
16,MA0803.1,-3.0,0.000288726,0.242819,0.111281,7.0,TGAAGGTGTG,AGGTGTGA,+
16,MA0805.1,-3.0,0.000288726,0.242819,0.111281,7.0,TGAAGGTGTG,AGGTGTGA,+
16,MA0690.2,-2.0,0.000370087,0.311243,0.111281,8.0,TGAAGGTGTG,AAGGTGTGAAA,-
16,MA0801.1,-3.0,0.00038026,0.319798,0.111281,7.0,TGAAGGTGTG,AGGTGTGA,+
16,MA0806.1,-3.0,0.000429129,0.360897,0.111281,7.0,TGAAGGTGTG,AGGTGTGA,+
16,MA1566.2,-2.0,0.000524724,0.441293,0.111281,8.0,TGAAGGTGTG,AAGGTGTGAAA,+
16,MA0807.1,-3.0,0.00053137,0.446882,0.111281,7.0,TGAAGGTGTG,AGGTGTGA,+
37,MA1933.1,1.0,0.000313057,0.263281,0.526562,10.0,CTCGCCACTT,TCACGCCACTTCCGGT,-
39,MA0828.2,4.0,6.49128e-05,0.0545917,0.0306315,10.0,CACGTGATAG,TTATCACGTGATAA,+
39,MA0004.1,0.0,7.35747e-05,0.0618763,0.0306315,6.0,CACGTGATAG,CACGTG,+
39,MA0663.1,2.0,0.000245755,0.20668,0.0682105,8.0,CACGTGATAG,ATCACGTGAT,+
39,MA0664.1,2.0,0.000245755,0.20668,0.0682105,8.0,CACGTGATAG,ATCACGTGAT,+
39,MA0603.1,1.0,0.00046329,0.389627,0.0857254,9.0,CACGTGATAG,GCACGTGACC,-
11,MA1722.1,7.0,0.000485406,0.408226,0.816452,10.0,GGGCCATTAT,GGACGCAGGGCAGTTATGC,-
14,MA1154.1,7.0,0.000346182,0.291139,0.4288,10.0,TGTGGGAAAA,GTCGTGTTGTGGGAAAG,-
23,MA1967.1,5.0,4.83936e-05,0.040699,0.081398,10.0,CTCTTTCCGG,ATCAGCTGTTTCCGGT,-
23,MA1941.1,5.0,0.000105951,0.0891047,0.0891047,10.0,CTCTTTCCGG,ACCACCTGTTTCCGGT,-
36,MA1603.1,3.0,0.000373139,0.31381,0.62762,10.0,ACTTTGTAAT,GATACTTTGTATC,-
37,MA1998.1,-1.0,0.000451622,0.379814,0.759628,9.0,ATGGGTCTCT,AGGGTCTCTAAC,+
13,MA1962.1,2.0,0.000259995,0.218655,0.332908,10.0,ATGGTTATGC,CCATTGTTATGCAAATT,-
13,MA0142.1,1.0,0.000395848,0.332908,0.332908,10.0,ATGGTTATGC,CTTTGTTATGCAAAT,+
22,MA1655.1,0.0,0.00056649,0.476418,0.460196,10.0,GGCAACAGCG,GGGAACAGCCAC,+
38,MA0074.1,2.0,0.000525609,0.442038,0.652618,10.0,GTCAAAGAGT,GGGTCATCGGGTTCA,+
4,MA0646.1,0.0,0.000273822,0.230284,0.276262,10.0,CTACACGCAT,GTACCCGCATG,-
4,MA0767.1,-1.0,0.000328492,0.276262,0.276262,9.0,CTACACGCAT,TACCCGCATA,-
10,MA1583.1,0.0,0.000167136,0.140561,0.281122,10.0,ACTGCGGCAG,ACTGCGGCAATGC,-
12,MA2002.1,0.0,0.000151098,0.127073,0.253722,10.0,GATTAGGCAC,GATCAGGCACT,+
20,MA0745.2,1.0,0.00039044,0.32836,0.352653,10.0,TGCGCCTGTA,ATGCACCTGTCAT,+
20,MA1559.1,0.0,0.000419326,0.352653,0.352653,10.0,TGCGCCTGTA,TGCACCTGTT,-
21,MA0504.1,2.0,0.00036289,0.305191,0.461283,10.0,GGATCAGAGG,AGGGGTCAGAGGTCA,+
27,MA0603.1,0.0,8.36958e-05,0.0703882,0.0747275,10.0,GCACGTGAGA,GCACGTGACC,-
27,MA0004.1,-1.0,0.000136224,0.114565,0.0747275,6.0,GCACGTGAGA,CACGTG,+
27,MA1560.1,1.0,0.000195821,0.164685,0.0805649,9.0,GCACGTGAGA,TGCACGTGCG,-
27,MA0464.2,1.0,0.000451763,0.379932,0.110459,9.0,GCACGTGAGA,GTCACGTGAT,-
27,MA0622.1,0.0,0.000510158,0.429043,0.110459,8.0,GCACGTGAGA,GCACGTGT,+
27,MA1464.1,1.0,0.000536961,0.451584,0.110459,9.0,GCACGTGAGA,GGCACGTGAC,-
34,MA1143.1,0.0,9.99429e-05,0.084052,0.075761,10.0,ATTACGTCTT,GTTACGTCAT,-
34,MA1129.1,0.0,0.000209352,0.176065,0.075761,10.0,ATTACGTCTT,ATGACGTCAT,+
34,MA1131.1,0.0,0.000227322,0.191178,0.075761,10.0,ATTACGTCTT,ATGACGTCATC,-
34,MA1136.1,0.0,0.000230496,0.193847,0.075761,10.0,ATTACGTCTT,ATGACGTCAT,+
34,MA1127.1,0.0,0.000298096,0.250699,0.0816502,10.0,ATTACGTCTT,ATGACGTCATC,-
38,MA0795.1,1.0,0.000501838,0.422046,0.422046,9.0,GTCTCGACGG,TGTCTAGACG,-
38,MA1557.1,1.0,0.000501838,0.422046,0.422046,9.0,GTCTCGACGG,TGTCTAGACA,-
1,MA1707.1,0.0,0.000104044,0.0875012,0.111365,10.0,AATGCAACAA,AATGTAACAATT,-
1,MA1478.1,0.0,0.000132705,0.111605,0.111365,10.0,AATGCAACAA,AATGTAACAATT,-
1,MA0043.3,4.0,0.000346477,0.291387,0.149744,10.0,AATGCAACAA,TTGTTATGCAACAA,+
1,MA0610.1,0.0,0.000356875,0.300132,0.149744,10.0,AATGCAACAA,AATGTATCAAT,+
1,MA1479.1,0.0,0.000590737,0.496809,0.198297,10.0,AATGCAACAA,AATGTATCAATT,-
4,MA0106.3,0.0,0.000153946,0.129468,0.258937,10.0,AGCATGCCCG,AACATGCCCGGGCATGTC,+
14,MA0056.2,3.0,0.00034149,0.287193,0.574386,10.0,ATCCCGACTC,CAAATCCCCACTT,+
15,MA0145.2,0.0,0.000366179,0.307957,0.615914,10.0,CCAGCTTAAA,CCAGTTCAAACCAG,+
16,MA0712.2,0.0,0.000178683,0.150273,0.300545,10.0,AAGGGCTTAG,AAGGGATTAGAA,+
16,MA0682.2,-2.0,0.000422644,0.355444,0.355444,8.0,AAGGGCTTAG,GGGATTAG,-
19,MA0685.2,0.0,0.00054578,0.459001,0.231029,9.0,ATCCGCCCCC,CCCCGCCCC,-
23,MA1114.1,3.0,4.98694e-05,0.0419401,0.0838803,10.0,CCTGACACTC,CCGCCTGTCACTCACCC,-
30,MA1589.1,10.0,7.46094e-05,0.0627465,0.125493,10.0,ATTGCTGGGC,TAGGAGTGGAATTGCTGGGTC,+
31,MA1724.1,2.0,8.0324e-05,0.0675525,0.135105,10.0,CCTCGCAACC,TTCCTAGCAACCG,+
33,MA0641.1,2.0,0.000353254,0.297086,0.426694,10.0,CTGCCGGGTC,CACTTCCGGGTT,-
36,MA1607.1,2.0,0.000120606,0.10143,0.0686155,10.0,TATGCAAACA,AATATGTAAACAAA,+
36,MA0627.2,2.0,0.000145288,0.122187,0.0686155,10.0,TATGCAAACA,AATATGCAAATAA,+
36,MA0789.1,0.0,0.000204426,0.171922,0.0686155,9.0,TATGCAAACA,TATGCAAAT,+
36,MA0792.1,0.0,0.000204426,0.171922,0.0686155,9.0,TATGCAAACA,TATGCAAAT,+
36,MA0032.2,0.0,0.000249018,0.209424,0.0686155,10.0,TATGCAAACA,TATGTAAATAT,+
36,MA1115.1,1.0,0.000249018,0.209424,0.0686155,10.0,TATGCAAACA,ATATGCAAATT,+
36,MA0845.1,0.0,0.000356875,0.300132,0.0742386,10.0,TATGCAAACA,TATGTAAATAT,+
36,MA0846.1,0.0,0.000359234,0.302115,0.0742386,10.0,TATGCAAACA,TAAGTAAACAAA,+
36,MA0847.3,2.0,0.000449252,0.377821,0.0825259,10.0,TATGCAAACA,CTTAAACAAACA,+
38,MA1561.1,0.0,0.000487614,0.410084,0.642949,10.0,ACCGGACATT,ACCGAACAATG,+
